unique_id,len_total,len_train,len_test,strictly_positive,white_noise,lowercase_d,uppercase_d,seasonality_present,seasonality_type,candidate_sps,significant_sps,all_sps,primary_sp,significant_sps_no_harmonics,all_sps_no_harmonics,primary_sp_no_harmonics,time_taken
W10,947,934,13,True,No,1,0,True,mul,"[10, 25]","[10, 25]",[10],10,"[10, 25]",[10],10,7.1429
W105,2296,2283,13,True,No,2,0,True,mul,"[13, 9, 44, 31, 18, 35, 4, 26, 11]","[13, 9, 44, 31, 18, 35, 4, 26, 11]",[13],13,"[26, 18, 44, 31, 35]",[26],26,7.6495
W101,392,379,13,True,No,1,0,True,mul,"[13, 52, 26, 4, 9, 39, 22, 48, 35, 17, 30, 5]","[13, 52, 26, 4, 9, 39, 22, 48, 35, 17, 30, 5]",[13],13,"[52, 9, 39, 22, 48, 35, 17, 30]",[52],52,7.5119
W102,2296,2283,13,True,No,2,0,True,mul,"[52, 13, 26, 39, 2, 9, 50, 4, 48, 24, 11, 22, 28, 46, 35, 37, 30, 17, 15, 44, 54]","[52, 13, 26, 39, 2, 9, 50, 4, 48, 24, 11, 22, 28, 46, 35, 37, 30, 17, 15, 44, 54]",[52],52,"[52, 39, 54, 50, 48, 44, 28, 46, 35, 37, 30, 17]",[52],52,8.1382
W100,2296,2283,13,True,No,2,0,True,mul,"[13, 52, 48, 9, 22, 26, 4, 39, 35, 17, 57, 30, 43]","[13, 52, 48, 9, 22, 26, 4, 39, 35, 17, 57, 30, 43]",[13],13,"[52, 48, 9, 22, 39, 35, 17, 57, 30, 43]",[52],52,8.8314
W106,657,644,13,True,No,2,0,True,mul,"[22, 13, 4, 30, 35, 9, 26, 39, 48, 17, 52, 5, 8, 43, 57, 18, 44]","[22, 13, 4, 30, 35, 9, 26, 39, 48, 17, 52, 5, 8, 43, 57, 18, 44]",[22],22,"[44, 52, 30, 35, 18, 39, 48, 17, 43, 57]",[44],44,2.62
W1,2192,2179,13,True,No,2,0,True,mul,"[26, 52, 4, 44, 12, 14, 22, 40, 8, 48, 60, 30, 56, 20]","[26, 52, 4, 44, 12, 14, 22, 40, 8, 48, 60, 30, 56, 20]",[26],26,"[52, 60, 44, 56, 40, 48]",[52],52,10.6425
W104,392,379,13,True,No,2,0,True,mul,"[13, 4, 9, 44, 35, 31]","[13, 4, 9, 44, 35, 31]",[13],13,"[13, 44, 9, 35, 31]",[13],13,9.4757
W107,2296,2283,13,True,No,2,0,True,mul,"[26, 52, 39, 13, 48, 17, 9, 4, 22, 30, 35, 43, 56]","[26, 52, 39, 13, 48, 17, 9, 4, 22, 30, 35, 43, 56]",[26],26,"[52, 39, 48, 17, 9, 56, 22, 30, 35, 43]",[52],52,3.5196
W108,2296,2283,13,True,No,2,0,True,mul,"[52, 26, 13, 48, 22, 39, 4, 2, 35, 9, 30, 24, 28, 17, 50, 44, 57]","[52, 26, 13, 48, 22, 39, 4, 2, 35, 9, 30, 24, 28, 17, 50, 44, 57]",[52],52,"[52, 48, 44, 39, 35, 9, 30, 28, 17, 50, 57]",[52],52,3.5605
W11,947,934,13,True,No,1,0,True,mul,"[13, 4, 35, 9]","[13, 4, 35, 9]",[13],13,"[13, 4, 35, 9]",[13],13,3.005
W103,2296,2283,13,True,No,1,0,True,mul,"[39, 26, 48, 13, 4, 17, 52, 22, 43, 35, 9, 28, 24, 20]","[39, 26, 48, 13, 4, 17, 52, 22, 43, 35, 9, 28, 24, 20]",[39],39,"[39, 52, 48, 17, 22, 43, 35, 9, 28, 20]",[39],39,10.2915
W109,2296,2283,13,True,No,2,0,True,mul,"[52, 26, 48, 13, 4, 22, 39, 2, 35, 9, 30, 24, 17, 28, 57, 44, 50]","[52, 26, 48, 13, 4, 22, 39, 2, 35, 9, 30, 24, 17, 28, 57, 44, 50]",[52],52,"[52, 48, 44, 39, 35, 9, 30, 17, 28, 57, 50]",[52],52,3.6492
W110,392,379,13,True,No,1,0,True,mul,"[3, 52, 4, 22, 19, 17, 18]","[3, 52, 4, 22, 19, 17, 18]",[3],3,"[18, 52, 22, 19, 17]",[18],18,3.2583
W111,392,379,13,True,No,1,0,True,mul,"[17, 4, 26, 9, 52, 21, 30]","[17, 4, 26, 9, 52, 21, 30]",[17],17,"[17, 52, 9, 21, 30]",[17],17,2.9362
W112,2296,2283,13,True,No,2,0,True,mul,"[26, 52, 13, 2, 48, 39, 22, 50, 4, 24, 35, 17, 28, 41, 37, 11, 15, 9, 6, 44]","[26, 52, 13, 2, 48, 39, 22, 50, 4, 24, 35, 17, 28, 41, 37, 11, 15, 9, 6, 44]",[26],26,"[52, 48, 39, 44, 50, 35, 17, 28, 41, 37, 15, 9]",[52],52,3.9624
W117,862,849,13,True,No,1,0,False,,[],[1],[1],1,[1],[1],1,2.3427
W113,1057,1044,13,True,No,1,0,True,mul,"[26, 8, 18, 38, 4, 30, 13, 20, 22]","[26, 8, 18, 38, 4, 30, 13, 20, 22]",[26],26,"[26, 8, 18, 38, 20, 30, 22]",[26],26,3.4947
W114,1057,1044,13,True,No,1,0,True,mul,"[13, 39, 18, 52, 4, 22, 26, 35, 57, 48]","[13, 39, 18, 52, 4, 22, 26, 35, 57, 48]",[13],13,"[52, 39, 18, 22, 35, 57, 48]",[52],52,3.7978
W116,2296,2283,13,True,No,2,0,True,mul,"[52, 26, 48, 22, 13, 2, 24, 4, 35, 9, 39, 50, 28, 30, 17, 57]","[52, 26, 48, 22, 13, 2, 24, 4, 35, 9, 39, 50, 28, 30, 17, 57]",[52],52,"[52, 48, 22, 35, 9, 39, 50, 28, 30, 17, 57]",[52],52,4.2237
W115,2296,2283,13,True,No,1,0,True,mul,"[52, 13, 26, 18, 22, 4, 48, 39, 30, 44, 8, 35, 57, 14, 31, 56]","[52, 13, 26, 18, 22, 4, 48, 39, 30, 44, 8, 35, 57, 14, 31, 56]",[52],52,"[52, 18, 44, 56, 48, 39, 30, 35, 57, 31]",[52],52,4.3454
W118,657,644,13,True,No,1,0,True,mul,"[4, 13, 9, 22, 26, 35, 39, 17, 30, 48, 52, 5, 8, 43, 18, 57, 44, 31, 56]","[4, 13, 9, 22, 26, 35, 39, 17, 30, 48, 52, 5, 8, 43, 18, 57, 44, 31, 56]",[4],4,"[56, 52, 18, 44, 35, 39, 17, 30, 48, 43, 57, 31]",[56],56,3.5096
W119,288,275,13,True,No,1,0,True,mul,[44],[44],[44],44,[44],[44],44,3.3171
W120,288,275,13,True,No,1,0,True,mul,[44],[44],[44],44,[44],[44],44,2.7257
W12,470,457,13,True,No,1,0,True,mul,"[17, 34, 9, 43]","[17, 34, 9, 43]",[17],17,"[34, 9, 43]",[34],34,3.0788
W121,2296,2283,13,True,No,2,0,True,mul,"[52, 26, 13, 48, 39, 22, 35, 4, 9, 17, 30, 2, 57, 44, 24, 43, 50]","[52, 26, 13, 48, 39, 22, 35, 4, 9, 17, 30, 2, 57, 44, 24, 43, 50]",[52],52,"[52, 48, 39, 44, 35, 9, 17, 30, 57, 43, 50]",[52],52,4.116
W122,2296,2283,13,True,No,1,0,True,mul,"[26, 13, 52, 22, 48, 4, 39, 35, 30, 17, 9, 18, 44, 8, 57, 56, 43]","[26, 13, 52, 22, 48, 4, 39, 35, 30, 17, 9, 18, 44, 8, 57, 56, 43]",[26],26,"[52, 44, 48, 56, 39, 35, 30, 17, 18, 57, 43]",[52],52,3.9644
W123,2296,2283,13,True,No,1,0,True,mul,"[26, 13, 52, 48, 22, 4, 39, 35, 30, 17, 18, 9, 44, 57, 8, 43, 56]","[26, 13, 52, 48, 22, 4, 39, 35, 30, 17, 18, 9, 44, 57, 8, 43, 56]",[26],26,"[52, 48, 44, 56, 39, 35, 30, 17, 18, 57, 43]",[52],52,4.0342
W124,2296,2283,13,True,No,1,0,True,mul,"[4, 13, 48, 26, 52, 22, 9, 30, 39, 35, 17, 2, 44, 8, 57, 43, 56, 18]","[4, 13, 48, 26, 52, 22, 9, 30, 39, 35, 17, 2, 44, 8, 57, 43, 56, 18]",[4],4,"[56, 52, 48, 44, 18, 30, 39, 35, 17, 57, 43]",[56],56,4.0641
W126,392,379,13,True,No,1,0,True,mul,"[13, 26, 52, 4, 9, 39, 22, 48, 35, 17, 30, 5]","[13, 26, 52, 4, 9, 39, 22, 48, 35, 17, 30, 5]",[13],13,"[52, 9, 39, 22, 48, 35, 17, 30]",[52],52,3.6233
W125,2296,2283,13,True,No,2,0,True,mul,"[13, 52, 48, 9, 22, 26, 4, 39, 17, 57, 35, 30, 43]","[13, 52, 48, 9, 22, 26, 4, 39, 17, 57, 35, 30, 43]",[13],13,"[52, 48, 9, 22, 39, 17, 57, 35, 30, 43]",[52],52,4.5249
W129,392,379,13,True,No,2,0,True,mul,"[13, 4, 9, 44, 35, 31, 57]","[13, 4, 9, 44, 35, 31, 57]",[13],13,"[13, 44, 9, 35, 31, 57]",[13],13,3.0139
W128,2296,2283,13,True,No,1,0,True,mul,"[39, 48, 17, 4, 26, 13, 52, 43, 22, 9]","[39, 48, 17, 4, 26, 13, 52, 43, 22, 9]",[39],39,"[39, 48, 17, 52, 43, 22, 9]",[39],39,4.0841
W127,2296,2283,13,True,No,2,0,True,mul,"[52, 26, 2, 13, 39, 48, 50, 4, 9, 11, 35, 22, 37, 24, 46, 28, 41, 44, 15, 17, 54]","[52, 26, 2, 13, 39, 48, 50, 4, 9, 11, 35, 22, 37, 24, 46, 28, 41, 44, 15, 17, 54]",[52],52,"[52, 54, 39, 48, 50, 44, 35, 37, 46, 28, 41, 15, 17]",[52],52,4.4541
W13,734,721,13,True,No,1,0,True,mul,"[13, 52, 26, 4, 39, 31, 21, 25, 57, 53, 27, 9, 5]","[13, 52, 26, 4, 39, 31, 21, 25, 57, 53, 27, 9, 5]",[13],13,"[52, 39, 31, 21, 25, 57, 53, 27]",[52],52,3.5326
W131,657,644,13,True,No,2,0,True,mul,"[22, 13, 4, 30, 35, 9, 26, 39, 48, 17, 52, 5, 8, 43, 57, 18, 44]","[22, 13, 4, 30, 35, 9, 26, 39, 48, 17, 52, 5, 8, 43, 57, 18, 44]",[22],22,"[44, 52, 30, 35, 18, 39, 48, 17, 43, 57]",[44],44,3.6921
W130,2296,2283,13,True,No,2,0,True,mul,"[26, 35, 9, 11, 4, 31, 13, 37, 46, 44, 42]","[26, 35, 9, 11, 4, 31, 13, 37, 46, 44, 42]",[26],26,"[26, 35, 9, 44, 31, 37, 46, 42]",[26],26,4.3743
W132,2296,2283,13,True,No,2,0,True,mul,"[26, 52, 9, 17, 48, 13, 39, 4, 30, 22, 35, 56]","[26, 52, 9, 17, 48, 13, 39, 4, 30, 22, 35, 56]",[26],26,"[52, 9, 17, 48, 39, 56, 30, 22, 35]",[52],52,4.3294
W135,392,379,13,True,No,1,0,True,mul,"[3, 17, 11]","[3, 17, 11]",[3],3,"[3, 17, 11]",[3],3,3.4797
W133,2296,2283,13,True,No,2,0,True,mul,"[52, 26, 48, 13, 22, 4, 39, 2, 35, 9, 24, 50, 30, 28, 17, 44, 15, 57, 37]","[52, 26, 48, 13, 22, 4, 39, 2, 35, 9, 24, 50, 30, 28, 17, 44, 15, 57, 37]",[52],52,"[52, 48, 44, 39, 35, 9, 50, 30, 28, 17, 57, 37]",[52],52,4.4501
W136,392,379,13,True,No,2,0,True,mul,[23],[23],[23],23,[23],[23],23,3.8557
W137,1657,1644,13,True,No,2,0,True,mul,"[52, 2, 39, 26, 13, 48, 4, 22, 50, 41, 35, 28, 17, 6, 24, 44, 11, 37]","[52, 2, 39, 26, 13, 48, 4, 22, 50, 41, 35, 28, 17, 6, 24, 44, 11, 37]",[52],52,"[52, 39, 48, 44, 50, 41, 35, 28, 17, 37]",[52],52,3.6582
W134,2296,2283,13,True,No,2,0,True,mul,"[52, 26, 48, 13, 22, 4, 39, 35, 9, 2, 24, 30, 17, 50, 28, 44, 57, 15]","[52, 26, 48, 13, 22, 4, 39, 35, 9, 2, 24, 30, 17, 50, 28, 44, 57, 15]",[52],52,"[52, 48, 44, 39, 35, 9, 30, 17, 50, 28, 57]",[52],52,4.6675
W138,1057,1044,13,True,No,1,0,True,mul,"[26, 4, 13, 8, 18, 53]","[26, 4, 13, 8, 18, 53]",[26],26,"[26, 8, 18, 53]",[26],26,4.3185
W139,1057,1044,13,True,No,1,0,True,mul,"[13, 18, 39, 4, 35, 22, 26, 52]","[13, 18, 39, 4, 35, 22, 26, 52]",[13],13,"[52, 18, 39, 35, 22]",[52],52,3.8647
W14,734,721,13,True,No,1,0,True,mul,"[13, 39, 52, 26, 48, 22, 35, 9, 17, 31, 4]","[13, 39, 52, 26, 48, 22, 35, 9, 17, 31, 4]",[13],13,"[52, 39, 48, 22, 35, 9, 17, 31]",[52],52,3.8537
W142,862,849,13,True,No,1,0,False,,[],[1],[1],1,[1],[1],1,3.4647
W140,1657,1644,13,True,No,1,0,True,mul,"[13, 52, 18, 26, 4, 22, 39, 35, 48, 30, 31, 57, 44, 17, 14]","[13, 52, 18, 26, 4, 22, 39, 35, 48, 30, 31, 57, 44, 17, 14]",[13],13,"[52, 18, 44, 39, 35, 48, 30, 31, 57, 17, 14]",[52],52,4.0671
W141,1657,1644,13,True,No,1,0,True,mul,"[52, 26, 13, 22, 48, 9, 39, 35, 4, 24, 30, 28, 43, 17]","[52, 26, 13, 22, 48, 9, 39, 35, 4, 24, 30, 28, 43, 17]",[52],52,"[52, 22, 48, 9, 39, 35, 30, 28, 43, 17]",[52],52,4.4202
W143,1057,1044,13,True,No,1,0,True,mul,"[4, 13, 22, 9, 26, 35, 30, 39, 48, 17, 52, 5, 57, 43, 8, 18, 31, 44, 56, 21, 27]","[4, 13, 22, 9, 26, 35, 30, 39, 48, 17, 52, 5, 57, 43, 8, 18, 31, 44, 56, 21, 27]",[4],4,"[56, 52, 44, 27, 35, 30, 39, 48, 17, 57, 43, 18, 31, 21]",[56],56,3.9584
W144,953,940,13,True,No,1,0,True,mul,"[39, 37, 2, 45, 44]","[39, 37, 2, 45, 44]",[39],39,"[39, 37, 44, 45]",[39],39,3.9415
W147,1657,1644,13,True,No,1,0,True,mul,"[13, 26, 52, 22, 48, 39, 4, 35, 17, 9, 30, 18, 57, 44, 8, 43, 56, 31]","[13, 26, 52, 22, 48, 39, 4, 35, 17, 9, 30, 18, 57, 44, 8, 43, 56, 31]",[13],13,"[52, 44, 48, 39, 56, 35, 17, 18, 30, 57, 43, 31]",[52],52,3.7859
W145,953,940,13,True,No,1,0,True,mul,"[2, 39, 8, 44, 37, 6]","[2, 39, 8, 44, 37, 6]",[2],2,"[44, 39, 8, 37, 6]",[44],44,4.0871
W146,1657,1644,13,True,No,2,0,True,mul,"[52, 26, 13, 48, 39, 22, 4, 35, 9, 17, 30, 2, 44, 57, 24, 43]","[52, 26, 13, 48, 39, 22, 4, 35, 9, 17, 30, 2, 44, 57, 24, 43]",[52],52,"[52, 48, 39, 44, 35, 9, 17, 30, 57, 43]",[52],52,4.117
W148,1657,1644,13,True,No,1,0,True,mul,"[13, 26, 52, 22, 48, 39, 35, 4, 17, 9, 30, 18, 57, 43, 8, 44, 31, 56]","[13, 26, 52, 22, 48, 39, 35, 4, 17, 9, 30, 18, 57, 43, 8, 44, 31, 56]",[13],13,"[52, 44, 48, 39, 35, 56, 17, 18, 30, 57, 43, 31]",[52],52,4.0342
W15,734,721,13,True,No,1,0,True,mul,"[39, 13, 26, 52, 48, 4, 35]","[39, 13, 26, 52, 48, 4, 35]",[39],39,"[39, 52, 48, 35]",[39],39,3.6702
W149,1657,1644,13,True,No,1,0,True,mul,"[4, 48, 26, 13, 2, 52, 30, 22, 9, 39, 35, 8, 17, 44, 57, 47]","[4, 48, 26, 13, 2, 52, 30, 22, 9, 39, 35, 8, 17, 44, 57, 47]",[4],4,"[52, 48, 30, 44, 9, 39, 35, 17, 57, 47]",[52],52,4.481
W150,1657,1644,13,True,No,1,0,True,mul,"[13, 52, 9, 48, 26, 22, 39, 4, 17, 57, 30, 35, 31, 43]","[13, 52, 9, 48, 26, 22, 39, 4, 17, 57, 30, 35, 31, 43]",[13],13,"[52, 9, 48, 22, 39, 17, 57, 30, 35, 31, 43]",[52],52,3.6502
W151,1657,1644,13,True,No,2,0,True,mul,"[52, 26, 13, 48, 39, 22, 4, 35, 9, 17, 30, 44, 2, 57, 24, 43]","[52, 26, 13, 48, 39, 22, 4, 35, 9, 17, 30, 44, 2, 57, 24, 43]",[52],52,"[52, 48, 39, 44, 35, 9, 17, 30, 57, 43]",[52],52,4.107
W155,1057,1044,13,True,No,1,0,False,,[],[1],[1],1,[1],[1],1,2.6619
W152,1657,1644,13,True,No,2,0,True,mul,"[2, 52, 26, 50, 4, 39, 13, 48, 9, 46, 11, 24, 28, 37, 35, 41, 22]","[2, 52, 26, 50, 4, 39, 13, 48, 9, 46, 11, 24, 28, 37, 35, 41, 22]",[2],2,"[52, 50, 39, 48, 9, 46, 22, 28, 37, 35, 41]",[52],52,3.8397
W153,1657,1644,13,True,No,1,0,True,mul,"[39, 17, 52, 4, 48, 43, 13, 26, 9, 22]","[39, 17, 52, 4, 48, 43, 13, 26, 9, 22]",[39],39,"[39, 17, 52, 48, 43, 9, 22]",[39],39,3.8367
W154,1057,1044,13,True,No,2,0,True,mul,"[13, 52, 26, 9, 4, 17, 15]","[13, 52, 26, 9, 4, 17, 15]",[13],13,"[52, 9, 17, 15]",[52],52,3.8188
W156,1657,1644,13,True,No,1,0,True,mul,"[31, 32, 2, 35, 57, 16, 26, 17, 4]","[31, 32, 2, 35, 57, 16, 26, 17, 4]",[31],31,"[31, 32, 35, 57, 26, 17]",[31],31,4.1429
W157,1057,1044,13,True,No,2,0,True,mul,"[13, 22, 4, 9, 30, 26, 35, 17, 48, 57, 39, 52, 43, 5, 8, 44, 18, 31, 56]","[13, 22, 4, 9, 30, 26, 35, 17, 48, 57, 39, 52, 43, 5, 8, 44, 18, 31, 56]",[13],13,"[52, 44, 56, 18, 30, 35, 17, 48, 57, 39, 43, 31]",[52],52,3.9365
W158,1657,1644,13,True,No,2,0,True,mul,"[52, 9, 26, 48, 39, 17, 13, 4, 30, 22, 35, 54, 56]","[52, 9, 26, 48, 39, 17, 13, 4, 30, 22, 35, 54, 56]",[52],52,"[52, 54, 48, 39, 17, 56, 30, 22, 35]",[52],52,4.112
W159,1657,1644,13,True,No,2,0,True,mul,"[26, 52, 13, 48, 22, 39, 4, 9, 35, 2, 24, 30, 28, 17, 50, 15, 44]","[26, 52, 13, 48, 22, 39, 4, 9, 35, 2, 24, 30, 28, 17, 50, 15, 44]",[26],26,"[52, 48, 44, 39, 9, 35, 30, 28, 17, 50]",[52],52,3.722
W16,734,721,13,True,No,1,0,True,mul,"[39, 13, 26, 52, 48, 35]","[39, 13, 26, 52, 48, 35]",[39],39,"[39, 52, 48, 35]",[39],39,3.2503
W161,1057,1044,13,True,No,2,0,True,mul,"[13, 52, 9, 26, 4, 39, 48, 30, 22, 35, 17, 24, 11]","[13, 52, 9, 26, 4, 39, 48, 30, 22, 35, 17, 24, 11]",[13],13,"[52, 9, 39, 48, 30, 22, 35, 17]",[52],52,3.742
W162,1057,1044,13,True,No,2,0,True,mul,"[3, 17, 52, 45]","[3, 17, 52, 45]",[3],3,"[45, 17, 52]",[45],45,3.8008
W160,1657,1644,13,True,No,2,0,True,mul,"[26, 52, 13, 48, 22, 4, 39, 9, 35, 2, 30, 24, 17, 28, 50, 44]","[26, 52, 13, 48, 22, 4, 39, 9, 35, 2, 30, 24, 17, 28, 50, 44]",[26],26,"[52, 48, 44, 39, 9, 35, 30, 17, 28, 50]",[52],52,4.1519
W163,392,379,13,True,No,1,0,True,mul,"[39, 13, 17, 52, 40, 4, 12, 9]","[39, 13, 17, 52, 40, 4, 12, 9]",[39],39,"[39, 52, 17, 40, 12, 9]",[39],39,2.979
W164,1657,1644,13,True,No,2,0,True,mul,"[13, 26, 52, 2, 48, 22, 24, 50, 39, 4, 9, 35, 11, 17, 37, 15, 28, 41]","[13, 26, 52, 2, 48, 22, 24, 50, 39, 4, 9, 35, 11, 17, 37, 15, 28, 41]",[13],13,"[52, 48, 22, 50, 39, 9, 35, 17, 37, 15, 28, 41]",[52],52,3.9744
W165,1057,1044,13,True,No,1,0,True,mul,"[26, 8, 30, 38, 22, 13, 18, 52, 10, 4]","[26, 8, 30, 38, 22, 13, 18, 52, 10, 4]",[26],26,"[52, 8, 30, 38, 22, 18]",[52],52,3.6213
W166,1057,1044,13,True,No,1,0,True,mul,"[13, 52, 26, 39, 18, 4, 22, 30, 35, 9, 57, 48, 44, 21]","[13, 52, 26, 39, 18, 4, 22, 30, 35, 9, 57, 48, 44, 21]",[13],13,"[52, 39, 18, 44, 30, 35, 57, 48, 21]",[52],52,3.6373
W167,1657,1644,13,True,No,1,0,True,mul,"[52, 26, 18, 8, 22, 4, 48, 30, 13, 44, 46, 20, 56, 32, 34, 2, 60, 14, 38]","[52, 26, 18, 8, 22, 4, 48, 30, 13, 44, 46, 20, 56, 32, 34, 2, 60, 14, 38]",[52],52,"[52, 18, 56, 44, 60, 48, 46, 32, 34, 38]",[52],52,3.6762
W168,1657,1644,13,True,No,1,0,True,mul,"[52, 26, 13, 48, 4, 22, 39, 9, 35, 30, 57, 8, 43, 44, 17]","[52, 26, 13, 48, 4, 22, 39, 9, 35, 30, 57, 8, 43, 44, 17]",[52],52,"[52, 48, 44, 39, 9, 35, 30, 57, 43, 17]",[52],52,3.6822
W17,734,721,13,True,No,2,0,True,mul,"[13, 39, 26, 52, 33, 9]","[13, 39, 26, 52, 33, 9]",[13],13,"[52, 39, 33, 9]",[52],52,4.0113
W169,862,849,13,True,No,1,0,True,mul,"[52, 35]","[52, 35]",[52],52,"[52, 35]",[52],52,4.115
W170,1657,1644,13,True,No,1,0,True,mul,"[52, 35, 22, 48, 26, 4]","[52, 35, 22, 48, 26, 4]",[52],52,"[52, 35, 22, 48]",[52],52,4.4591
W173,657,644,13,True,No,1,0,True,mul,"[4, 22, 26, 39, 13, 48, 9, 52, 35, 57, 17]","[4, 22, 26, 39, 13, 48, 9, 52, 35, 57, 17]",[4],4,"[52, 22, 39, 48, 9, 35, 57, 17]",[52],52,3.2363
W171,657,644,13,True,No,1,0,True,mul,"[13, 4, 39, 26, 22, 9, 35, 52, 48, 17, 5, 30, 18, 31, 8, 43, 44, 56]","[13, 4, 39, 26, 22, 9, 35, 52, 48, 17, 5, 30, 18, 31, 8, 43, 44, 56]",[13],13,"[52, 56, 39, 44, 18, 35, 48, 17, 30, 31, 43]",[52],52,3.5655
W174,392,379,13,True,No,1,0,True,mul,"[13, 35, 26]","[13, 35, 26]",[13],13,"[26, 35]",[26],26,3.5774
W172,2296,2283,13,True,No,2,0,True,mul,"[52, 26, 13, 48, 39, 22, 35, 9, 4, 17, 2, 24, 50, 30, 57, 43, 28, 37]","[52, 26, 13, 48, 39, 22, 35, 9, 4, 17, 2, 24, 50, 30, 57, 43, 28, 37]",[52],52,"[52, 48, 39, 22, 35, 9, 17, 50, 30, 57, 43, 28, 37]",[52],52,4.7842
W175,1657,1644,13,True,No,2,0,True,mul,"[52, 26, 13, 48, 39, 22, 35, 9, 4, 17, 2, 30, 24, 57, 50, 44, 43]","[52, 26, 13, 48, 39, 22, 35, 9, 4, 17, 2, 30, 24, 57, 50, 44, 43]",[52],52,"[52, 48, 39, 44, 35, 9, 17, 30, 57, 50, 43]",[52],52,4.4651
W176,1657,1644,13,True,No,2,0,True,mul,"[26, 13, 4, 52, 39, 48, 22, 35, 9, 17, 30, 31, 8]","[26, 13, 4, 52, 39, 48, 22, 35, 9, 17, 30, 31, 8]",[26],26,"[52, 39, 48, 22, 35, 9, 17, 30, 31]",[52],52,4.4122
W18,734,721,13,True,No,2,0,True,mul,"[39, 13, 26, 52, 2, 11, 37, 50, 24, 9, 33, 35]","[39, 13, 26, 52, 2, 11, 37, 50, 24, 9, 33, 35]",[39],39,"[39, 52, 33, 37, 50, 24, 9, 35]",[39],39,3.5136
W177,1657,1644,13,True,No,1,0,True,mul,"[26, 48, 39, 22, 13, 52, 4, 17, 43, 9, 35]","[26, 48, 39, 22, 13, 52, 4, 17, 43, 9, 35]",[26],26,"[52, 48, 39, 22, 17, 43, 9, 35]",[52],52,4.4671
W179,1657,1644,13,True,No,1,0,True,mul,"[26, 4, 42, 3]","[26, 4, 42, 3]",[26],26,"[26, 4, 42]",[26],26,4.1928
W178,392,379,13,True,No,2,0,True,mul,"[4, 52]","[4, 52]",[4],4,[52],[52],52,4.2596
W180,657,644,13,True,No,1,0,True,mul,"[13, 39, 4, 26, 22, 9, 48, 35, 52, 17, 5, 30, 18, 31, 44, 8, 43]","[13, 39, 4, 26, 22, 9, 48, 35, 52, 17, 5, 30, 18, 31, 44, 8, 43]",[13],13,"[52, 39, 44, 18, 48, 35, 17, 30, 31, 43]",[52],52,3.8487
W181,1657,1644,13,True,No,1,0,True,mul,"[26, 52, 13, 39, 17, 9, 22, 35, 4]","[26, 52, 13, 39, 17, 9, 22, 35, 4]",[26],26,"[52, 39, 17, 9, 22, 35]",[52],52,4.5638
W182,392,379,13,True,No,1,0,False,,[],[1],[1],1,[1],[1],1,3.0778
W186,392,379,13,True,No,1,0,True,mul,"[22, 3, 2, 20]","[22, 3, 2, 20]",[22],22,"[22, 3, 20]",[22],22,3.4957
W183,1657,1644,13,True,No,1,0,True,mul,"[52, 26, 39, 13, 17, 9, 22, 35, 48, 30]","[52, 26, 39, 13, 17, 9, 22, 35, 48, 30]",[52],52,"[52, 39, 17, 9, 22, 35, 48, 30]",[52],52,4.2257
W185,1657,1644,13,True,No,2,0,True,mul,"[52, 26, 48, 4, 13, 22, 2, 39, 35, 24, 50, 9, 30, 28, 17, 44]","[52, 26, 48, 4, 13, 22, 2, 39, 35, 24, 50, 9, 30, 28, 17, 44]",[52],52,"[52, 48, 44, 39, 35, 50, 9, 30, 28, 17]",[52],52,4.3534
W187,837,824,13,True,No,1,0,True,mul,"[26, 52, 13, 39, 2, 57, 17, 35, 56, 43, 30, 59, 14]","[26, 52, 13, 39, 2, 57, 17, 35, 56, 43, 30, 59, 14]",[26],26,"[52, 39, 56, 57, 17, 35, 43, 30, 59]",[52],52,3.9275
W184,1657,1644,13,True,No,2,0,True,mul,"[26, 52, 48, 2, 4, 13, 22, 39, 50, 24, 30, 35, 9, 28, 44, 17]","[26, 52, 48, 2, 4, 13, 22, 39, 50, 24, 30, 35, 9, 28, 44, 17]",[26],26,"[52, 48, 44, 39, 50, 30, 35, 9, 28, 17]",[52],52,4.6256
W188,837,824,13,True,No,1,0,True,mul,"[17, 52, 39, 35, 13, 26, 43, 9, 4, 57, 48]","[17, 52, 39, 35, 13, 26, 43, 9, 4, 57, 48]",[17],17,"[17, 52, 39, 35, 43, 9, 57, 48]",[17],17,3.732
W189,837,824,13,True,No,1,0,True,mul,"[13, 26, 52, 39, 9, 22, 4, 48, 35, 30, 17]","[13, 26, 52, 39, 9, 22, 4, 48, 35, 30, 17]",[13],13,"[52, 39, 9, 22, 48, 35, 30, 17]",[52],52,3.7739
W19,1615,1602,13,True,No,1,0,True,mul,"[52, 26, 27, 53, 25, 5, 32, 57, 13, 47, 39]","[52, 26, 27, 53, 25, 5, 32, 57, 13, 47, 39]",[52],52,"[52, 27, 53, 25, 32, 57, 47, 39]",[52],52,3.9724
W191,837,824,13,True,No,1,0,True,mul,"[13, 10, 39, 37]","[13, 10, 39, 37]",[13],13,"[39, 10, 37]",[39],39,3.4877
W190,837,824,13,True,No,1,0,True,mul,"[52, 13, 26, 2, 39, 14, 54, 43, 57, 41, 11, 30, 35, 59, 17]","[52, 13, 26, 2, 39, 14, 54, 43, 57, 41, 11, 30, 35, 59, 17]",[52],52,"[52, 54, 39, 14, 43, 57, 41, 11, 30, 35, 59, 17]",[52],52,3.8537
W194,837,824,13,True,No,1,0,True,mul,"[9, 13, 52, 35, 26, 17, 39, 4, 57, 21, 43, 22, 30, 18, 48]","[9, 13, 52, 35, 26, 17, 39, 4, 57, 21, 43, 22, 30, 18, 48]",[9],9,"[18, 52, 35, 17, 39, 57, 21, 43, 22, 30, 48]",[18],18,3.5525
W192,837,824,13,True,No,1,0,True,mul,"[13, 17, 35, 39, 52, 41, 26, 4]","[13, 17, 35, 39, 52, 41, 26, 4]",[13],13,"[52, 17, 35, 39, 41]",[52],52,3.9105
W193,837,824,13,True,No,1,0,True,mul,"[13, 39, 52, 22, 5, 26, 44, 9, 35, 8, 34, 30]","[13, 39, 52, 22, 5, 26, 44, 9, 35, 8, 34, 30]",[13],13,"[52, 39, 44, 35, 9, 8, 34, 30]",[52],52,3.8278
W195,837,824,13,True,No,1,0,True,mul,"[52, 2, 13, 9, 4, 26, 22, 11, 39, 50, 41, 17, 15]","[52, 2, 13, 9, 4, 26, 22, 11, 39, 50, 41, 17, 15]",[52],52,"[52, 9, 22, 39, 50, 41, 17, 15]",[52],52,3.8856
W196,837,824,13,True,No,1,0,True,mul,[13],[13],[13],13,[13],[13],13,3.9425
W197,837,824,13,True,No,1,0,True,mul,"[2, 4, 17, 52, 26, 35, 15, 5]","[2, 4, 17, 52, 26, 35, 15, 5]",[2],2,"[52, 17, 35, 15]",[52],52,3.9724
W198,837,824,13,True,No,1,0,True,mul,"[13, 52, 26, 39, 4, 9, 22, 48, 35, 30, 17, 43]","[13, 52, 26, 39, 4, 9, 22, 48, 35, 30, 17, 43]",[13],13,"[52, 39, 9, 22, 48, 35, 30, 17, 43]",[52],52,3.8138
W199,837,824,13,True,No,1,0,True,mul,"[2, 4, 5, 3, 9, 7, 6, 8, 52]","[2, 4, 5, 3, 9, 7, 6, 8, 52]",[2],2,"[52, 5, 9, 7, 6, 8]",[52],52,4.0891
W200,837,824,13,True,No,1,0,True,mul,"[13, 26, 52, 39, 2, 4, 3, 53]","[13, 26, 52, 39, 2, 4, 3, 53]",[13],13,"[52, 39, 53]",[52],52,4.3514
W2,1723,1710,13,True,No,2,0,True,mul,"[4, 13, 52, 9, 22, 56, 39, 31, 18, 27, 35, 26, 57, 25, 48, 40, 17, 30, 21, 5]","[4, 13, 52, 9, 22, 56, 39, 31, 18, 27, 35, 26, 57, 25, 48, 40, 17, 30, 21, 5]",[4],4,"[56, 52, 27, 22, 39, 31, 18, 35, 57, 25, 48, 40, 17, 30, 21]",[56],56,4.5079
W20,1615,1602,13,True,No,1,0,True,mul,"[52, 13, 26, 39, 4, 17, 48, 35, 22, 57, 5, 31, 9, 18, 8, 21, 44]","[52, 13, 26, 39, 4, 17, 48, 35, 22, 57, 5, 31, 9, 18, 8, 21, 44]",[52],52,"[52, 39, 17, 48, 35, 44, 57, 31, 18, 21]",[52],52,4.7483
W201,837,824,13,True,No,1,0,True,mul,"[52, 2, 4, 9, 13]","[52, 2, 4, 9, 13]",[52],52,"[52, 9]",[52],52,4.6127
W202,837,824,13,True,No,1,0,True,mul,"[52, 17, 35, 13, 39, 26, 4, 43, 2, 9, 48]","[52, 17, 35, 13, 39, 26, 4, 43, 2, 9, 48]",[52],52,"[52, 17, 35, 39, 43, 9, 48]",[52],52,4.128
W203,837,824,13,True,No,1,0,True,mul,"[52, 49, 51]","[52, 49, 51]",[52],52,"[52, 49, 51]",[52],52,4.124
W205,947,934,13,True,No,1,0,True,mul,"[13, 4, 22, 18, 9, 26]","[13, 4, 22, 18, 9, 26]",[13],13,"[26, 4, 22, 18]",[26],26,3.749
W204,1311,1298,13,True,No,1,0,True,mul,"[52, 53, 51, 17, 30, 22, 35, 39, 13, 18, 34, 36]","[52, 53, 51, 17, 30, 22, 35, 39, 13, 18, 34, 36]",[52],52,"[52, 53, 51, 30, 22, 35, 39, 36, 34]",[52],52,4.5269
W207,947,934,13,True,No,1,0,True,mul,"[4, 2, 3, 22, 7]","[4, 2, 3, 22, 7]",[4],4,"[4, 22, 3, 7]",[4],4,3.7939
W206,947,934,13,True,No,1,0,True,mul,"[13, 39]","[13, 39]",[13],13,[39],[39],39,4.0841
W208,947,934,13,True,No,1,0,True,mul,"[13, 52, 4, 9, 26, 39, 22, 17, 35, 48, 30, 5, 18, 31, 8, 43, 56, 57, 21, 44]","[13, 52, 4, 9, 26, 39, 22, 17, 35, 48, 30, 5, 18, 31, 8, 43, 56, 57, 21, 44]",[13],13,"[52, 56, 18, 39, 44, 17, 35, 48, 30, 31, 43, 57, 21]",[52],52,3.742
W209,947,934,13,True,No,1,0,True,mul,"[25, 27, 26]","[25, 27, 26]",[25],25,"[25, 27, 26]",[25],25,3.9873
W21,1615,1602,13,True,No,1,0,True,mul,"[52, 26, 13, 39, 53, 4, 27, 48, 25, 35]","[52, 26, 13, 39, 53, 4, 27, 48, 25, 35]",[52],52,"[52, 39, 53, 27, 48, 25, 35]",[52],52,4.1699
W210,947,934,13,True,No,1,0,True,mul,"[13, 9, 52, 4, 39, 35, 26, 30, 22, 48, 17, 56, 43, 18, 5]","[13, 9, 52, 4, 39, 35, 26, 30, 22, 48, 17, 56, 43, 18, 5]",[13],13,"[52, 18, 56, 39, 35, 30, 22, 48, 17, 43]",[52],52,3.8038
W211,947,934,13,True,No,2,0,False,,[],[1],[1],1,[1],[1],1,2.6569
W214,947,934,13,True,No,1,0,False,,[],[1],[1],1,[1],[1],1,2.8504
W213,947,934,13,True,No,1,0,True,mul,"[4, 3, 7, 2, 14]","[4, 3, 7, 2, 14]",[4],4,"[4, 3, 14]",[4],4,3.4428
W212,947,934,13,True,No,1,0,True,mul,"[4, 13, 14, 56, 22, 26]","[4, 13, 14, 56, 22, 26]",[4],4,"[56, 26, 22]",[56],56,4.0452
W215,947,934,13,True,No,2,0,True,mul,"[39, 51]","[39, 51]",[39],39,"[39, 51]",[39],39,3.728
W216,947,934,13,True,No,2,0,False,,[],[1],[1],1,[1],[1],1,2.6758
W217,459,446,13,True,No,1,0,True,mul,"[12, 39, 2, 37]","[12, 39, 2, 37]",[12],12,"[12, 39, 37]",[12],12,2.7895
W218,470,457,13,True,No,1,0,True,mul,"[15, 3]","[15, 3]",[15],15,[15],[15],15,3.0479
W219,591,578,13,True,No,1,0,True,mul,"[13, 39, 52, 7, 20, 6]","[13, 39, 52, 7, 20, 6]",[13],13,"[52, 39, 7, 20, 6]",[52],52,3.2932
W22,1620,1607,13,True,No,1,0,True,mul,"[52, 3, 44]","[52, 3, 44]",[52],52,"[52, 3, 44]",[52],52,3.3879
W220,445,432,13,True,No,1,0,True,mul,"[13, 26, 39, 52, 6]","[13, 26, 39, 52, 6]",[13],13,"[52, 39, 6]",[52],52,3.3231
W221,1100,1087,13,True,No,1,0,True,mul,"[26, 13, 39, 52, 4, 2]","[26, 13, 39, 52, 4, 2]",[26],26,"[52, 39]",[52],52,3.4199
W222,1100,1087,13,True,No,1,0,True,mul,"[13, 52, 26, 39, 22, 35, 9, 4, 17, 48, 30, 44, 57, 31]","[13, 52, 26, 39, 22, 35, 9, 4, 17, 48, 30, 44, 57, 31]",[13],13,"[52, 39, 44, 35, 9, 17, 48, 30, 57, 31]",[52],52,3.4558
W223,1220,1207,13,True,No,1,0,True,mul,"[39, 13, 26, 48, 52]","[39, 13, 26, 48, 52]",[39],39,"[39, 52, 48]",[39],39,3.6183
W225,1615,1602,13,True,No,1,0,True,mul,"[52, 26, 53, 27, 5, 25, 47, 57]","[52, 26, 53, 27, 5, 25, 47, 57]",[52],52,"[52, 53, 27, 25, 47, 57]",[52],52,3.2812
W226,1615,1602,13,True,No,1,0,True,mul,"[52, 2, 4, 13, 50, 54, 26, 38]","[52, 2, 4, 13, 50, 54, 26, 38]",[52],52,"[52, 54, 50, 38]",[52],52,3.379
W224,2609,2596,13,True,No,1,0,True,mul,"[52, 4, 48, 5, 2, 47, 57, 50, 56, 26, 25, 27, 6, 58, 54, 53, 8]","[52, 4, 48, 5, 2, 47, 57, 50, 56, 26, 25, 27, 6, 58, 54, 53, 8]",[52],52,"[52, 56, 48, 50, 58, 47, 57, 54, 53]",[52],52,4.503
W227,1615,1602,13,True,No,1,0,True,mul,"[52, 4, 48, 5, 56, 47, 57]","[52, 4, 48, 5, 56, 47, 57]",[52],52,"[52, 56, 48, 5, 47, 57]",[52],52,3.5405
W228,1620,1607,13,True,No,1,0,True,mul,"[52, 14, 8, 6, 2, 12, 4, 16, 28, 44, 18, 60, 38, 10, 30, 56]","[52, 14, 8, 6, 2, 12, 4, 16, 28, 44, 18, 60, 38, 10, 30, 56]",[52],52,"[52, 56, 60, 16, 44, 18, 38]",[52],52,3.9644
W229,1615,1602,13,True,No,1,0,True,mul,"[52, 2, 50, 4, 48, 54, 26, 41, 56, 6, 46, 11]","[52, 2, 50, 4, 48, 54, 26, 41, 56, 6, 46, 11]",[52],52,"[52, 56, 50, 48, 54, 41, 46, 11]",[52],52,3.9634
W23,1615,1602,13,True,No,1,0,True,mul,"[52, 26, 39, 13, 22, 4, 44, 8, 17, 48, 30, 5, 9, 35, 57, 31, 18]","[52, 26, 39, 13, 22, 4, 44, 8, 17, 48, 30, 5, 9, 35, 57, 31, 18]",[52],52,"[52, 39, 44, 48, 17, 30, 35, 18, 57, 31]",[52],52,3.7659
W230,1615,1602,13,True,No,1,0,True,mul,"[52, 5, 48, 57, 4, 47, 26, 27, 21, 31]","[52, 5, 48, 57, 4, 47, 26, 27, 21, 31]",[52],52,"[52, 5, 48, 57, 47, 27, 21, 31]",[52],52,3.741
W231,1615,1602,13,True,No,1,0,True,mul,"[52, 2, 4, 48, 50, 54, 56, 6, 58, 46, 8, 57, 47, 44]","[52, 2, 4, 48, 50, 54, 56, 6, 58, 46, 8, 57, 47, 44]",[52],52,"[52, 58, 56, 48, 50, 54, 46, 57, 47, 44]",[52],52,3.9704
W232,1615,1602,13,True,No,1,0,True,mul,"[52, 53, 4, 5, 48, 57, 47, 51, 56, 50, 25, 2, 6, 27, 3]","[52, 53, 4, 5, 48, 57, 47, 51, 56, 50, 25, 2, 6, 27, 3]",[52],52,"[52, 53, 56, 50, 48, 57, 47, 51, 27]",[52],52,4.0003
W233,1615,1602,13,True,No,1,0,True,mul,"[52, 4, 47, 54, 25, 28, 53]","[52, 4, 47, 54, 25, 28, 53]",[52],52,"[52, 47, 54, 25, 28, 53]",[52],52,3.6722
W234,1615,1602,13,True,No,1,0,True,mul,[52],[52],[52],52,[52],[52],52,3.6193
W235,1615,1602,13,True,No,1,0,True,mul,"[52, 4, 2, 48, 54, 50, 56]","[52, 4, 2, 48, 54, 50, 56]",[52],52,"[52, 56, 48, 54, 50]",[52],52,3.4588
W236,1615,1602,13,True,No,1,0,True,mul,"[22, 8, 2, 6, 4]","[22, 8, 2, 6, 4]",[22],22,"[22, 8, 6]",[22],22,3.4109
W238,1615,1602,13,True,No,1,0,True,mul,"[52, 53, 4, 2, 50, 5, 48, 51, 3, 47, 54, 57, 49, 55, 56, 25, 27, 6, 26]","[52, 53, 4, 2, 50, 5, 48, 51, 3, 47, 54, 57, 49, 55, 56, 25, 27, 6, 26]",[52],52,"[52, 53, 56, 50, 55, 48, 51, 57, 47, 54, 49]",[52],52,3.4448
W237,1616,1603,13,True,No,1,0,True,mul,"[52, 26, 47, 21, 27, 57, 2, 5, 4, 53, 31, 30, 25, 22]","[52, 26, 47, 21, 27, 57, 2, 5, 4, 53, 31, 30, 25, 22]",[52],52,"[52, 47, 21, 27, 57, 30, 53, 31, 25, 22]",[52],52,3.6772
W239,1615,1602,13,True,No,1,0,True,mul,"[52, 4, 48, 2, 56, 8, 50, 25, 57, 44, 5, 27, 53, 6]","[52, 4, 48, 2, 56, 8, 50, 25, 57, 44, 5, 27, 53, 6]",[52],52,"[52, 56, 48, 50, 57, 44, 27, 53]",[52],52,3.751
W24,1615,1602,13,True,No,1,0,True,mul,"[52, 5, 57, 48, 47, 27, 26, 4, 25, 13, 44, 31]","[52, 5, 57, 48, 47, 27, 26, 4, 25, 13, 44, 31]",[52],52,"[52, 25, 57, 48, 47, 27, 44, 31]",[52],52,3.6343
W240,1616,1603,13,True,No,1,0,True,mul,"[52, 5, 48, 4, 57, 47, 56, 53, 7]","[52, 5, 48, 4, 57, 47, 56, 53, 7]",[52],52,"[52, 5, 48, 56, 57, 47, 53]",[52],52,3.6672
W241,1616,1603,13,True,No,1,0,True,mul,"[52, 4, 2, 48, 50, 56, 6, 54, 8, 46, 28, 58, 24, 44]","[52, 4, 2, 48, 50, 56, 6, 54, 8, 46, 28, 58, 24, 44]",[52],52,"[52, 56, 58, 48, 50, 54, 46, 44]",[52],52,3.365
W242,1616,1603,13,True,No,1,0,True,mul,"[52, 26, 48, 57, 5, 47, 4, 27, 25, 53, 32, 9]","[52, 26, 48, 57, 5, 47, 4, 27, 25, 53, 32, 9]",[52],52,"[52, 48, 57, 25, 47, 27, 53, 32]",[52],52,3.5256
W243,1636,1623,13,True,No,1,0,True,mul,"[52, 2, 50, 48, 54, 4, 5, 3, 53, 56, 55, 57, 49, 47, 51, 45, 26, 58, 7]","[52, 2, 50, 48, 54, 4, 5, 3, 53, 56, 55, 57, 49, 47, 51, 45, 26, 58, 7]",[52],52,"[52, 58, 50, 48, 54, 56, 55, 57, 53, 49, 47, 51, 45]",[52],52,3.6113
W244,1636,1623,13,True,No,1,0,True,mul,"[2, 52, 4, 50, 54, 6, 48, 56, 8, 55, 57, 53, 47, 46, 49, 58, 45]","[2, 52, 4, 50, 54, 6, 48, 56, 8, 55, 57, 53, 47, 46, 49, 58, 45]",[2],2,"[58, 52, 56, 50, 54, 48, 55, 57, 53, 47, 46, 49, 45]",[58],58,3.3341
W245,1616,1603,13,True,No,1,0,True,mul,"[52, 5, 47, 57, 27, 25, 4, 26, 48, 8, 44]","[52, 5, 47, 57, 27, 25, 4, 26, 48, 8, 44]",[52],52,"[52, 25, 47, 57, 27, 48, 44]",[52],52,3.6004
W246,1616,1603,13,True,No,1,0,True,mul,"[52, 2, 4, 6, 8, 48, 50, 26, 54, 24, 56, 58, 28, 41]","[52, 2, 4, 6, 8, 48, 50, 26, 54, 24, 56, 58, 28, 41]",[52],52,"[52, 58, 56, 54, 48, 50, 41]",[52],52,3.7041
W247,1616,1603,13,True,No,1,0,True,mul,"[52, 4, 48, 56, 2, 39, 13, 57, 5, 26, 9, 47, 22, 43, 50, 35, 8, 54, 44]","[52, 4, 48, 56, 2, 39, 13, 57, 5, 26, 9, 47, 22, 43, 50, 35, 8, 54, 44]",[52],52,"[52, 56, 48, 39, 57, 50, 54, 47, 44, 43, 35]",[52],52,4.0292
W248,2192,2179,13,True,No,2,0,True,mul,"[26, 22, 52, 4, 48, 30, 18, 44, 8, 56, 34, 40, 14, 60, 11]","[26, 22, 52, 4, 48, 30, 18, 44, 8, 56, 34, 40, 14, 60, 11]",[26],26,"[52, 44, 60, 48, 18, 56, 34, 40]",[52],52,4.1988
W249,2192,2179,13,True,No,2,0,True,mul,"[26, 52, 4, 44, 12, 14, 22, 40, 8, 48, 60, 20, 56, 37, 30]","[26, 52, 4, 44, 12, 14, 22, 40, 8, 48, 60, 20, 56, 37, 30]",[26],26,"[52, 60, 44, 56, 40, 48, 37]",[52],52,4.0013
W250,2191,2178,13,True,No,2,0,True,mul,"[13, 26, 9, 39, 4, 22, 52, 35, 48, 17, 30, 43, 57, 44, 5, 56, 18, 31, 8, 21]","[13, 26, 9, 39, 4, 22, 52, 35, 48, 17, 30, 43, 57, 44, 5, 56, 18, 31, 8, 21]",[13],13,"[52, 18, 39, 56, 44, 35, 48, 17, 30, 43, 57, 31, 21]",[52],52,3.5794
W25,1615,1602,13,True,No,0,0,True,mul,"[2, 52, 3, 4, 53, 51, 5, 50, 54, 49, 6, 48, 55, 47, 56, 7, 46, 57, 8, 45, 58, 9, 44, 59, 10, 43, 60, 11, 42, 12, 13]","[2, 52, 3, 4, 53, 51, 5, 50, 54, 49, 6, 48, 55, 47, 56, 7, 46, 57, 8, 45, 58, 9, 44, 59, 10, 43, 60, 11, 42, 12, 13]",[2],2,"[60, 52, 53, 51, 50, 54, 49, 48, 55, 47, 56, 46, 57, 45, 58, 44, 59, 43, 42]",[60],60,4.0063
W251,1926,1913,13,True,No,2,0,True,mul,"[52, 13, 26, 39, 35, 22, 9, 48, 17, 30, 50, 24, 4, 11]","[52, 13, 26, 39, 35, 22, 9, 48, 17, 30, 50, 24, 4, 11]",[52],52,"[52, 39, 35, 22, 9, 48, 17, 30, 50]",[52],52,3.7141
W252,2191,2178,13,True,No,2,0,True,mul,"[13, 9, 4, 26, 39, 22, 52, 48, 35, 17, 30, 5, 43, 57, 18, 44, 31, 8, 56, 21, 34]","[13, 9, 4, 26, 39, 22, 52, 48, 35, 17, 30, 5, 43, 57, 18, 44, 31, 8, 56, 21, 34]",[13],13,"[52, 18, 56, 39, 44, 48, 35, 34, 30, 43, 57, 31, 21]",[52],52,3.8667
W253,1887,1874,13,True,No,2,0,True,mul,"[13, 26, 4, 9, 39, 22, 35, 48, 52, 17, 30, 43, 57, 5, 44, 18, 31, 8, 56, 21, 34]","[13, 26, 4, 9, 39, 22, 35, 48, 52, 17, 30, 43, 57, 5, 44, 18, 31, 8, 56, 21, 34]",[13],13,"[52, 56, 18, 39, 44, 35, 48, 34, 30, 43, 57, 31, 21]",[52],52,3.6014
W254,1324,1311,13,True,No,2,0,True,mul,"[13, 4, 9, 26, 22, 39, 35, 52, 48, 17, 30, 5, 43, 18, 57, 31, 8, 44, 56, 21]","[13, 4, 9, 26, 22, 39, 35, 52, 48, 17, 30, 5, 43, 18, 57, 31, 8, 44, 56, 21]",[13],13,"[52, 56, 18, 44, 39, 35, 48, 17, 30, 43, 57, 31, 21]",[52],52,3.1276
W256,734,721,13,True,No,1,0,True,mul,"[13, 26, 39, 52]","[13, 26, 39, 52]",[13],13,"[52, 39]",[52],52,3.2872
W255,734,721,13,True,No,1,0,True,mul,"[52, 53, 26, 51, 13, 27, 25, 39, 12, 2, 14, 40, 54]","[52, 53, 26, 51, 13, 27, 25, 39, 12, 2, 14, 40, 54]",[52],52,"[52, 53, 51, 54, 25, 39, 12, 14, 40]",[52],52,3.7669
W257,734,721,13,True,No,2,0,False,,[],[1],[1],1,[1],[1],1,2.633
W259,734,721,13,True,No,1,0,True,mul,"[4, 52, 56, 22, 48, 26]","[4, 52, 56, 22, 48, 26]",[4],4,"[56, 52, 22, 48]",[56],56,3.1725
W258,734,721,13,True,No,1,0,True,mul,[36],[36],[36],36,[36],[36],36,3.4029
W26,1615,1602,13,True,No,1,0,True,mul,"[52, 13, 26, 39, 28, 53, 25]","[52, 13, 26, 39, 28, 53, 25]",[52],52,"[52, 39, 28, 53, 25]",[52],52,3.6782
W261,734,721,13,True,No,1,0,True,mul,"[4, 52, 26, 22, 13, 9, 35, 17]","[4, 52, 26, 22, 13, 9, 35, 17]",[4],4,"[52, 22, 9, 35, 17]",[52],52,3.1945
W260,734,721,13,True,No,1,0,True,mul,"[52, 33, 38, 48, 14, 24, 28, 4, 19, 2, 26, 9]","[52, 33, 38, 48, 14, 24, 28, 4, 19, 2, 26, 9]",[52],52,"[52, 33, 38, 48, 28, 9]",[52],52,3.4398
W263,288,275,13,True,No,1,0,True,mul,[18],[18],[18],18,[18],[18],18,2.9441
W262,734,721,13,True,No,2,0,True,mul,"[4, 22, 26, 18, 35, 39, 8, 13, 48]","[4, 22, 26, 18, 35, 39, 8, 13, 48]",[4],4,"[48, 22, 26, 18, 35, 39]",[48],48,3.2942
W264,288,275,13,True,No,1,0,True,mul,"[46, 12]","[46, 12]",[46],46,"[46, 12]",[46],46,3.3351
W266,392,379,13,True,No,1,0,False,,[],[1],[1],1,[1],[1],1,2.5243
W265,392,379,13,True,No,1,0,True,mul,[44],[44],[44],44,[44],[44],44,3.1605
W267,288,275,13,True,No,1,0,True,mul,[46],[46],[46],46,[46],[46],46,3.1386
W269,392,379,13,True,No,1,0,False,,[],[1],[1],1,[1],[1],1,2.7137
W268,392,379,13,True,No,1,0,True,mul,[44],[44],[44],44,[44],[44],44,3.2393
W27,1615,1602,13,True,No,1,0,True,mul,"[52, 39, 6, 26, 15, 31, 13]","[52, 39, 6, 26, 15, 31, 13]",[52],52,"[52, 39, 6, 15, 31]",[52],52,3.7201
W270,953,940,13,True,No,1,0,True,mul,"[39, 10, 40, 8, 26, 4, 14, 52, 45, 22]","[39, 10, 40, 8, 26, 4, 14, 52, 45, 22]",[39],39,"[39, 40, 52, 14, 45, 22]",[39],39,3.3919
W272,392,379,13,True,No,2,0,True,mul,"[55, 60]","[55, 60]",[55],55,"[55, 60]",[55],55,3.4109
W271,953,940,13,True,No,1,0,True,mul,"[39, 8, 52, 26, 40, 45, 22, 4]","[39, 8, 52, 26, 40, 45, 22, 4]",[39],39,"[39, 40, 52, 45, 22]",[39],39,3.4368
W273,1461,1448,13,True,No,2,0,True,mul,[46],[46],[46],46,[46],[46],46,3.9235
W274,392,379,13,True,No,1,0,True,mul,"[52, 13]","[52, 13]",[52],52,[52],[52],52,3.7639
W275,1057,1044,13,True,No,1,0,True,mul,"[13, 39, 26, 48, 52, 4, 9, 22, 35, 17]","[13, 39, 26, 48, 52, 4, 9, 22, 35, 17]",[13],13,"[52, 39, 48, 9, 22, 35, 17]",[52],52,3.7001
W276,392,379,13,True,No,1,0,True,mul,[48],[48],[48],48,[48],[48],48,3.4358
W277,1657,1644,13,True,No,1,0,False,,[],[1],[1],1,[1],[1],1,2.8504
W278,392,379,13,True,No,1,0,True,mul,[44],[44],[44],44,[44],[44],44,3.2563
W279,1057,1044,13,True,No,1,0,True,mul,"[2, 39]","[2, 39]",[2],2,"[2, 39]",[2],2,3.3411
W28,1615,1602,13,True,No,0,0,True,mul,"[52, 2, 53, 51, 3, 4, 54, 26, 50, 27, 25, 5, 6, 24, 28, 7, 55, 49, 8, 48, 47, 23, 9, 56, 29, 10, 11, 46, 13, 57, 12, 22]","[52, 2, 53, 51, 3, 4, 54, 26, 50, 27, 25, 5, 6, 24, 28, 7, 55, 49, 8, 48, 47, 23, 9, 56, 29, 10, 11, 46, 13, 57, 12, 22]",[52],52,"[52, 56, 53, 51, 57, 54, 50, 55, 48, 49, 47, 46, 29, 22]",[52],52,3.6383
W280,1657,1644,13,True,No,1,0,True,mul,"[48, 26, 52, 13, 39, 9, 4, 35, 22, 17, 57, 44, 30, 43, 18, 31, 8]","[48, 26, 52, 13, 39, 9, 4, 35, 22, 17, 57, 44, 30, 43, 18, 31, 8]",[48],48,"[48, 52, 39, 18, 35, 44, 17, 57, 30, 43, 31]",[48],48,3.5525
W281,837,824,13,True,No,1,0,True,mul,"[13, 26, 52, 39, 22, 9, 4, 48, 35, 30, 17]","[13, 26, 52, 39, 22, 9, 4, 48, 35, 30, 17]",[13],13,"[52, 39, 22, 9, 48, 35, 30, 17]",[52],52,3.1586
W282,837,824,13,True,No,1,0,True,mul,"[2, 4, 13, 3, 57, 5, 56, 8, 9, 52, 55, 26, 39]","[2, 4, 13, 3, 57, 5, 56, 8, 9, 52, 55, 26, 39]",[2],2,"[56, 52, 57, 55, 9, 39]",[56],56,3.2184
W283,837,824,13,True,No,1,0,True,mul,"[2, 3, 4, 5, 6, 8, 7, 56, 9, 55, 57]","[2, 3, 4, 5, 6, 8, 7, 56, 9, 55, 57]",[2],2,"[56, 57, 55, 6, 9]",[56],56,3.2194
W284,947,934,13,True,No,1,0,True,mul,[5],[5],[5],5,[5],[5],5,2.974
W285,947,934,13,True,No,1,0,False,,[],[1],[1],1,[1],[1],1,2.632
W286,947,934,13,True,No,2,0,True,mul,"[2, 24, 46]","[2, 24, 46]",[2],2,"[46, 24]",[46],46,3.376
W287,947,934,13,True,No,1,0,True,mul,"[5, 43]","[5, 43]",[5],5,"[5, 43]",[5],5,3.2523
W289,1100,1087,13,True,No,1,0,False,,[],[1],[1],1,[1],[1],1,2.5701
W288,947,934,13,True,No,1,2,True,mul,"[2, 44]","[2, 44]",[2],2,[44],[44],44,3.3959
W290,1100,1087,13,True,No,1,0,True,mul,"[13, 26, 52, 39, 22, 4, 9, 35, 48, 30, 17]","[13, 26, 52, 39, 22, 4, 9, 35, 48, 30, 17]",[13],13,"[52, 39, 22, 9, 35, 48, 30, 17]",[52],52,3.8088
W29,1615,1602,13,True,No,1,0,True,mul,"[52, 26, 27, 47, 21, 4, 29]","[52, 26, 27, 47, 21, 4, 29]",[52],52,"[52, 27, 47, 21, 29]",[52],52,3.9225
W291,1220,1207,13,True,No,1,0,True,mul,"[26, 52, 13, 39, 4, 22, 30, 48]","[26, 52, 13, 39, 4, 22, 30, 48]",[26],26,"[52, 39, 22, 30, 48]",[52],52,3.5854
W292,1220,1207,13,True,No,1,0,True,mul,"[26, 13, 52, 39, 4, 22, 9, 35, 48, 30, 17, 43]","[26, 13, 52, 39, 4, 22, 9, 35, 48, 30, 17, 43]",[26],26,"[52, 39, 22, 9, 35, 48, 30, 17, 43]",[52],52,3.4807
W295,93,80,13,True,No,1,0,False,,[],[1],[1],1,[1],[1],1,2.4674
W293,1220,1207,13,True,No,1,0,True,mul,"[13, 39, 26, 52, 35, 8, 22, 48]","[13, 39, 26, 52, 35, 8, 22, 48]",[13],13,"[52, 39, 35, 48, 22]",[52],52,3.4418
W294,1220,1207,13,True,No,1,0,True,mul,"[26, 52, 13, 39, 22, 20, 4]","[26, 52, 13, 39, 22, 20, 4]",[26],26,"[52, 39, 22, 20]",[52],52,3.5276
W296,93,80,13,True,No,0,0,True,mul,[4],[4],[4],4,[4],[4],4,2.8504
W297,93,80,13,True,No,0,0,True,mul,"[4, 3]","[4, 3]",[4],4,"[4, 3]",[4],4,3.0678
W298,93,80,13,True,No,0,0,True,mul,"[3, 2, 4]","[3, 2, 4]",[3],3,"[3, 4]",[3],3,3.0788
W299,93,80,13,True,No,0,0,True,mul,"[4, 3]","[4, 3]",[4],4,"[4, 3]",[4],4,3.352
W3,2191,2178,13,True,No,2,0,True,mul,"[13, 9, 4, 26, 39, 22, 52, 48, 35, 17, 30, 5, 43, 57, 18, 44, 31, 8, 56, 21, 34]","[13, 9, 4, 26, 39, 22, 52, 48, 35, 17, 30, 5, 43, 57, 18, 44, 31, 8, 56, 21, 34]",[13],13,"[52, 18, 56, 39, 44, 48, 35, 34, 30, 43, 57, 31, 21]",[52],52,3.8308
W300,93,80,13,True,No,0,0,True,mul,"[3, 2, 4]","[3, 2, 4]",[3],3,"[3, 4]",[3],3,3.1127
W301,93,80,13,True,No,0,0,True,mul,"[2, 3, 4]","[2, 3, 4]",[2],2,"[4, 3]",[4],4,2.8135
W30,1615,1602,13,True,No,1,0,True,mul,"[52, 13, 39, 26, 54]","[52, 13, 39, 26, 54]",[52],52,"[52, 39, 54]",[52],52,3.4707
W302,93,80,13,True,No,0,0,True,mul,[3],[3],[3],3,[3],[3],3,2.9531
W303,93,80,13,True,No,0,0,True,mul,"[2, 3, 4]","[2, 3, 4]",[2],2,"[4, 3]",[4],4,3.0628
W305,93,80,13,True,No,0,1,True,mul,"[2, 3, 4]","[2, 3, 4]",[2],2,"[4, 3]",[4],4,2.7367
W304,93,80,13,True,No,0,0,True,mul,"[4, 3, 5]","[4, 3, 5]",[4],4,"[4, 3, 5]",[4],4,3.1576
W308,93,80,13,True,No,0,0,True,mul,"[4, 3]","[4, 3]",[4],4,"[4, 3]",[4],4,2.9322
W306,93,80,13,True,No,0,0,True,mul,"[3, 4, 2]","[3, 4, 2]",[3],3,"[3, 4]",[3],3,3.004
W307,93,80,13,True,No,0,0,True,mul,"[4, 3]","[4, 3]",[4],4,"[4, 3]",[4],4,3.0708
W309,93,80,13,True,No,0,0,True,mul,"[2, 3, 4]","[2, 3, 4]",[2],2,"[4, 3]",[4],4,3.1835
W31,1615,1602,13,True,No,1,0,True,mul,"[52, 13, 9, 39, 22, 4]","[52, 13, 9, 39, 22, 4]",[52],52,"[52, 9, 39, 22]",[52],52,3.5934
W310,93,80,13,True,No,1,0,False,,[],[1],[1],1,[1],[1],1,2.4754
W312,93,80,13,True,No,0,0,True,mul,"[2, 3, 4, 5]","[2, 3, 4, 5]",[2],2,"[4, 3, 5]",[4],4,2.636
W311,93,80,13,True,No,0,0,True,mul,"[4, 3, 2, 5]","[4, 3, 2, 5]",[4],4,"[4, 3, 5]",[4],4,2.8085
W313,93,80,13,True,No,0,2,True,mul,"[2, 3, 4]","[2, 3, 4]",[2],2,"[4, 3]",[4],4,2.9032
W315,93,80,13,True,No,0,0,True,mul,"[2, 3, 4, 5]","[2, 3, 4, 5]",[2],2,"[4, 3, 5]",[4],4,2.8274
W314,93,80,13,True,No,0,0,True,mul,"[2, 3, 4]","[2, 3, 4]",[2],2,"[4, 3]",[4],4,3.0558
W316,93,80,13,True,No,0,0,True,mul,"[3, 2, 4]","[3, 2, 4]",[3],3,"[3, 4]",[3],3,3.0259
W317,93,80,13,True,No,1,0,False,,[],[1],[1],1,[1],[1],1,2.3906
W318,93,80,13,True,No,1,0,False,,[],[1],[1],1,[1],[1],1,2.5163
W319,93,80,13,True,No,0,0,True,mul,"[3, 2, 4, 5]","[3, 2, 4, 5]",[3],3,"[3, 4, 5]",[3],3,3.1376
W32,1616,1603,13,True,No,1,0,True,mul,"[52, 26, 48, 57, 4, 13, 5]","[52, 26, 48, 57, 4, 13, 5]",[52],52,"[52, 48, 57, 5]",[52],52,3.6861
W320,93,80,13,True,No,0,0,True,mul,[2],[2],[2],2,[2],[2],2,2.9421
W321,93,80,13,True,No,0,0,True,mul,"[2, 3, 4, 5]","[2, 3, 4, 5]",[2],2,"[4, 3, 5]",[4],4,3.0179
W322,93,80,13,True,No,0,0,True,mul,"[2, 3, 4]","[2, 3, 4]",[2],2,"[4, 3]",[4],4,3.1536
W324,93,80,13,True,No,0,0,False,,[],[1],[1],1,[1],[1],1,2.5831
W323,93,80,13,True,No,0,0,True,mul,"[2, 3, 4]","[2, 3, 4]",[2],2,"[4, 3]",[4],4,3.1975
W325,93,80,13,True,No,0,0,True,mul,"[4, 2, 3, 5]","[4, 2, 3, 5]",[4],4,"[4, 3, 5]",[4],4,3.0768
W326,93,80,13,True,No,0,0,True,mul,"[2, 5, 4, 3]","[2, 5, 4, 3]",[2],2,"[4, 5, 3]",[4],4,3.0808
W327,93,80,13,True,No,0,0,True,mul,"[2, 3]","[2, 3]",[2],2,"[2, 3]",[2],2,2.8813
W329,93,80,13,True,No,0,0,True,mul,"[3, 2, 4, 5]","[3, 2, 4, 5]",[3],3,"[3, 4, 5]",[3],3,3.0957
W328,93,80,13,True,No,1,0,True,mul,[9],[9],[9],9,[9],[9],9,3.4149
W332,93,80,13,True,No,1,0,False,,[],[1],[1],1,[1],[1],1,2.5203
W331,93,80,13,True,No,0,0,True,mul,"[3, 4, 2, 5]","[3, 4, 2, 5]",[3],3,"[3, 4, 5]",[3],3,2.8354
W330,93,80,13,True,No,0,0,True,mul,"[2, 3]","[2, 3]",[2],2,"[2, 3]",[2],2,3.1975
W33,1616,1603,13,True,No,1,0,True,mul,"[52, 13, 39, 26, 4, 56, 5, 47, 8, 48, 31, 18, 43, 9, 44]","[52, 13, 39, 26, 4, 56, 5, 47, 8, 48, 31, 18, 43, 9, 44]",[52],52,"[52, 39, 56, 5, 47, 48, 31, 18, 43, 44]",[52],52,3.9724
W333,93,80,13,True,No,0,0,True,mul,"[2, 4, 3, 5]","[2, 4, 3, 5]",[2],2,"[4, 3, 5]",[4],4,3.4248
W335,93,80,13,True,No,0,0,True,mul,"[2, 3, 4]","[2, 3, 4]",[2],2,"[4, 3]",[4],4,3.0289
W334,93,80,13,True,No,0,0,True,mul,"[2, 3, 4]","[2, 3, 4]",[2],2,"[4, 3]",[4],4,3.5884
W336,93,80,13,True,No,0,0,True,mul,"[4, 3, 5]","[4, 3, 5]",[4],4,"[4, 3, 5]",[4],4,3.0349
W339,93,80,13,True,No,0,0,True,mul,"[3, 2, 4]","[3, 2, 4]",[3],3,"[3, 4]",[3],3,2.8444
W338,93,80,13,True,No,0,0,True,mul,"[3, 4, 2, 5]","[3, 4, 2, 5]",[3],3,"[3, 4, 5]",[3],3,3.0678
W337,93,80,13,True,No,0,0,True,mul,"[2, 3, 4]","[2, 3, 4]",[2],2,"[4, 3]",[4],4,3.4219
W34,1636,1623,13,True,No,1,0,True,mul,"[52, 26, 13, 39, 4, 48, 5, 57, 9, 22, 30]","[52, 26, 13, 39, 4, 48, 5, 57, 9, 22, 30]",[52],52,"[52, 39, 48, 30, 57, 9, 22]",[52],52,3.5764
W340,93,80,13,True,No,0,0,True,mul,"[3, 2, 4]","[3, 2, 4]",[3],3,"[3, 4]",[3],3,3.3052
W342,93,80,13,True,No,0,0,True,mul,"[2, 3]","[2, 3]",[2],2,"[2, 3]",[2],2,2.8524
W341,93,80,13,True,No,0,0,True,mul,"[2, 3, 4]","[2, 3, 4]",[2],2,"[4, 3]",[4],4,2.9691
W343,93,80,13,True,No,0,0,True,mul,"[4, 3, 2]","[4, 3, 2]",[4],4,"[4, 3]",[4],4,2.8604
W345,93,80,13,True,No,1,0,False,,[],[1],[1],1,[1],[1],1,2.3627
W344,93,80,13,True,No,1,0,False,,[],[1],[1],1,[1],[1],1,2.5641
W346,93,80,13,True,No,0,0,True,mul,"[3, 2, 4]","[3, 2, 4]",[3],3,"[3, 4]",[3],3,2.8244
W347,93,80,13,True,No,0,0,True,mul,"[3, 4, 2]","[3, 4, 2]",[3],3,"[3, 4]",[3],3,3.006
W350,93,80,13,True,No,1,0,False,,[],[1],[1],1,[1],[1],1,2.4265
W349,93,80,13,True,No,1,0,False,,[],[1],[1],1,[1],[1],1,2.5173
W348,93,80,13,True,No,0,0,True,mul,"[2, 3]","[2, 3]",[2],2,"[2, 3]",[2],2,2.9711
W351,93,80,13,True,No,0,0,True,mul,[3],[3],[3],3,[3],[3],3,2.8225
W352,93,80,13,True,No,2,0,True,mul,[2],[2],[2],2,[2],[2],2,2.8823
W35,1616,1603,13,True,No,1,0,True,mul,"[52, 26, 13, 39, 47, 5, 57, 4, 48]","[52, 26, 13, 39, 47, 5, 57, 4, 48]",[52],52,"[52, 39, 47, 5, 57, 48]",[52],52,3.4478
W353,93,80,13,True,No,0,0,True,mul,"[3, 2]","[3, 2]",[3],3,"[3, 2]",[3],3,2.6988
W354,93,80,13,True,No,0,0,True,mul,[2],[2],[2],2,[2],[2],2,2.6998
W355,93,80,13,True,No,1,0,True,mul,[3],[3],[3],3,[3],[3],3,2.5362
W356,93,80,13,True,No,0,0,True,mul,"[2, 3]","[2, 3]",[2],2,"[2, 3]",[2],2,2.631
W357,93,80,13,True,No,0,0,True,mul,"[3, 2, 4]","[3, 2, 4]",[3],3,"[3, 4]",[3],3,2.6559
W359,93,80,13,True,No,0,0,True,mul,"[3, 2, 4]","[3, 2, 4]",[3],3,"[3, 4]",[3],3,2.8035
W358,93,80,13,True,No,0,0,True,mul,"[2, 3]","[2, 3]",[2],2,"[2, 3]",[2],2,3.1745
W37,522,509,13,True,No,1,0,True,mul,"[3, 5, 8]","[3, 5, 8]",[3],3,"[3, 5, 8]",[3],3,2.8005
W36,947,934,13,True,No,1,0,True,mul,"[13, 52, 9, 4, 26, 39, 22, 17, 35, 48, 30, 5, 18, 43, 31, 8, 56, 57, 44, 21]","[13, 52, 9, 4, 26, 39, 22, 17, 35, 48, 30, 5, 18, 43, 31, 8, 56, 57, 44, 21]",[13],13,"[52, 18, 56, 39, 44, 17, 35, 48, 30, 43, 31, 57, 21]",[52],52,3.0877
W38,523,510,13,True,No,1,0,False,,[],[1],[1],1,[1],[1],1,2.3876
W39,1525,1512,13,True,No,1,0,True,mul,"[4, 45, 2, 20, 24, 9, 5, 22, 23]","[4, 45, 2, 20, 24, 9, 5, 22, 23]",[4],4,"[24, 45, 20, 22, 23]",[24],24,3.2413
W40,1525,1512,13,True,No,1,0,True,mul,"[4, 9, 2, 45, 5, 24, 22, 23, 20, 21]","[4, 9, 2, 45, 5, 24, 22, 23, 20, 21]",[4],4,"[24, 45, 22, 23, 20, 21]",[24],24,3.2583
W4,2610,2597,13,True,No,1,0,True,mul,"[52, 26, 13, 39, 9, 5, 27, 47, 4, 48, 43, 22, 17, 31, 35, 57]","[52, 26, 13, 39, 9, 5, 27, 47, 4, 48, 43, 22, 17, 31, 35, 57]",[52],52,"[52, 39, 27, 35, 47, 48, 43, 22, 17, 31, 57]",[52],52,3.6084
W41,1030,1017,13,True,No,1,0,True,mul,[46],[46],[46],46,[46],[46],46,3.1346
W42,1030,1017,13,True,No,1,0,True,mul,"[46, 4]","[46, 4]",[46],46,"[46, 4]",[46],46,3.2553
W43,1030,1017,13,True,No,1,0,True,mul,[46],[46],[46],46,[46],[46],46,3.2403
W45,1296,1283,13,True,No,1,0,True,mul,"[56, 4, 42, 29, 6]","[56, 4, 42, 29, 6]",[56],56,"[56, 42, 29]",[56],56,3.0469
W44,1525,1512,13,True,No,1,0,True,mul,"[9, 5, 4, 2, 24, 45, 22, 21, 23, 55]","[9, 5, 4, 2, 24, 45, 22, 21, 23, 55]",[9],9,"[45, 55, 24, 22, 21, 23]",[45],45,3.3092
W46,1028,1015,13,True,No,1,0,True,mul,"[47, 42, 28, 19]","[47, 42, 28, 19]",[47],47,"[47, 42, 28, 19]",[47],47,2.7925
W47,1296,1283,13,True,No,1,0,True,mul,"[56, 4, 42, 29, 6]","[56, 4, 42, 29, 6]",[56],56,"[56, 42, 29]",[56],56,3.1486
W49,1019,1006,13,True,No,1,0,True,mul,"[47, 42, 28, 19]","[47, 42, 28, 19]",[47],47,"[47, 42, 28, 19]",[47],47,2.9222
W48,1306,1293,13,True,No,1,0,True,mul,"[56, 4, 42, 29, 47, 19, 58, 44]","[56, 4, 42, 29, 47, 19, 58, 44]",[56],56,"[56, 42, 58, 47, 19, 44]",[56],56,3.4368
W50,1019,1006,13,True,No,1,0,True,mul,"[47, 42, 28, 19]","[47, 42, 28, 19]",[47],47,"[47, 42, 28, 19]",[47],47,2.993
W5,1616,1603,13,True,No,1,0,True,mul,"[52, 26, 5, 47, 39, 13, 20, 32, 57]","[52, 26, 5, 47, 39, 13, 20, 32, 57]",[52],52,"[52, 20, 47, 39, 32, 57]",[52],52,3.38
W51,1037,1024,13,True,No,1,0,True,mul,[6],[6],[6],6,[6],[6],6,3.0279
W52,1038,1025,13,True,No,1,0,True,mul,[10],[10],[10],10,[10],[10],10,3.1925
W53,1220,1207,13,True,No,1,0,True,mul,"[13, 26, 52, 39, 35, 22, 48, 9, 4, 17, 44, 57]","[13, 26, 52, 39, 35, 22, 48, 9, 4, 17, 44, 57]",[13],13,"[52, 39, 35, 44, 48, 9, 17, 57]",[52],52,2.9431
W54,837,824,13,True,No,2,0,True,mul,"[13, 26, 39, 9, 52, 35, 30, 22, 57, 4, 48, 44]","[13, 26, 39, 9, 52, 35, 30, 22, 57, 4, 48, 44]",[13],13,"[52, 39, 9, 35, 30, 44, 57, 48]",[52],52,3.0429
W55,1620,1607,13,True,No,1,0,True,mul,"[8, 5, 3, 4]","[8, 5, 3, 4]",[8],8,"[8, 5, 3]",[8],8,2.983
W56,1141,1128,13,True,No,1,0,True,mul,"[2, 3, 4, 52, 51, 53, 5, 50, 54, 49, 55, 48, 6, 56, 47, 7, 57, 46, 8, 58, 45, 59, 9, 44, 60]","[2, 3, 4, 52, 51, 53, 5, 50, 54, 49, 55, 48, 6, 56, 47, 7, 57, 46, 8, 58, 45, 59, 9, 44, 60]",[2],2,"[60, 52, 51, 53, 50, 54, 49, 55, 48, 56, 47, 57, 46, 58, 45, 59, 44]",[60],60,3.3131
W58,674,661,13,True,No,1,0,True,mul,"[2, 53, 3]","[2, 53, 3]",[2],2,"[2, 53, 3]",[2],2,3.0199
W59,356,343,13,True,No,1,0,True,mul,[24],[24],[24],24,[24],[24],24,2.9072
W57,378,365,13,True,No,0,0,True,mul,"[2, 3, 4, 5, 6, 7, 8, 9, 10, 51, 50, 52, 49, 53, 48, 54, 47, 55, 11]","[2, 3, 4, 5, 6, 7, 8, 9, 10, 51, 50, 52, 49, 53, 48, 54, 47, 55, 11]",[2],2,"[54, 52, 55, 49, 48, 50, 51, 53, 47]",[54],54,3.2892
W6,1615,1602,13,True,No,1,0,True,mul,"[52, 17, 25, 35, 27, 9, 44, 14, 26, 31, 38, 8, 43]","[52, 17, 25, 35, 27, 9, 44, 14, 26, 31, 38, 8, 43]",[52],52,"[52, 17, 25, 35, 27, 44, 14, 31, 38, 8, 43]",[52],52,3.0528
W60,2297,2284,13,True,No,1,0,True,mul,"[2, 41, 12, 48, 45, 35]","[2, 41, 12, 48, 45, 35]",[2],2,"[48, 41, 45, 35]",[48],48,3.6233
W61,1718,1705,13,True,No,2,0,True,mul,"[26, 52, 22, 4, 48, 30, 18, 8, 44, 56, 34, 14, 40, 60, 3, 11]","[26, 52, 22, 4, 48, 30, 18, 8, 44, 56, 34, 14, 40, 60, 3, 11]",[26],26,"[52, 44, 60, 48, 18, 56, 34, 40]",[52],52,3.2304
W62,2192,2179,13,True,No,1,0,True,mul,"[52, 26, 46, 6, 20, 58, 32]","[52, 26, 46, 6, 20, 58, 32]",[52],52,"[52, 46, 6, 20, 58, 32]",[52],52,3.5146
W63,2192,2179,13,True,No,1,0,True,mul,"[52, 26, 22, 4, 48, 30, 44, 18, 8, 56, 34, 40, 14]","[52, 26, 22, 4, 48, 30, 44, 18, 8, 56, 34, 40, 14]",[52],52,"[52, 44, 56, 48, 30, 18, 34, 40]",[52],52,3.5834
W66,2191,2178,13,True,No,2,0,True,mul,"[13, 9, 4, 26, 22, 39, 52, 48, 35, 17, 30, 5, 43, 18, 57, 44, 31, 8, 56, 21, 34]","[13, 9, 4, 26, 22, 39, 52, 48, 35, 17, 30, 5, 43, 18, 57, 44, 31, 8, 56, 21, 34]",[13],13,"[52, 18, 56, 44, 39, 48, 35, 34, 30, 43, 57, 31, 21]",[52],52,3.353
W64,2191,2178,13,True,No,2,0,True,mul,"[13, 26, 9, 39, 4, 22, 52, 48, 35, 17, 30, 43, 57, 44, 5, 56, 18, 31, 8]","[13, 26, 9, 39, 4, 22, 52, 48, 35, 17, 30, 43, 57, 44, 5, 56, 18, 31, 8]",[13],13,"[52, 18, 39, 56, 44, 48, 35, 17, 30, 43, 57, 31]",[52],52,3.742
W67,1324,1311,13,True,No,2,0,True,mul,"[26, 52, 22, 57, 9, 4, 30, 48, 5, 44]","[26, 52, 22, 57, 9, 4, 30, 48, 5, 44]",[26],26,"[52, 44, 57, 9, 30, 48]",[52],52,3.4607
W65,2191,2178,13,True,No,2,0,True,mul,"[13, 26, 9, 39, 4, 22, 52, 48, 35, 17, 30, 43, 57, 44, 5, 56, 18, 31, 8, 21]","[13, 26, 9, 39, 4, 22, 52, 48, 35, 17, 30, 43, 57, 44, 5, 56, 18, 31, 8, 21]",[13],13,"[52, 18, 39, 56, 44, 48, 35, 17, 30, 43, 57, 31, 21]",[52],52,3.9016
W68,666,653,13,True,No,2,0,True,mul,"[4, 18, 34, 26, 39]","[4, 18, 34, 26, 39]",[4],4,"[4, 18, 34, 26, 39]",[4],4,3.0199
W69,517,504,13,True,No,2,0,True,mul,"[4, 8, 35, 13]","[4, 8, 35, 13]",[4],4,"[8, 35, 13]",[8],8,3.0369
W7,1616,1603,13,True,No,1,0,True,mul,"[52, 26, 57, 48, 27, 4, 47, 5, 25, 53, 13, 9]","[52, 26, 57, 48, 27, 4, 47, 5, 25, 53, 13, 9]",[52],52,"[52, 57, 48, 27, 47, 25, 53]",[52],52,3.4408
W70,497,484,13,True,No,1,0,True,mul,"[4, 5, 3, 8, 13, 9, 2, 7, 10, 6]","[4, 5, 3, 8, 13, 9, 2, 7, 10, 6]",[4],4,"[8, 10, 9, 13, 7, 6]",[8],8,2.9092
W72,500,487,13,True,No,1,0,True,mul,"[44, 22, 26, 18, 4, 48, 40, 8]","[44, 22, 26, 18, 4, 48, 40, 8]",[44],44,"[44, 26, 18, 48, 40]",[44],44,2.7496
W71,500,487,13,True,No,1,0,True,mul,"[4, 44, 18, 22, 48, 26]","[4, 44, 18, 22, 48, 26]",[4],4,"[48, 44, 18, 26]",[48],48,2.9202
W73,500,487,13,True,No,1,0,True,mul,"[44, 22, 26, 18, 4, 48, 40, 8]","[44, 22, 26, 18, 4, 48, 40, 8]",[44],44,"[44, 26, 18, 48, 40]",[44],44,2.974
W74,734,721,13,True,No,1,0,True,mul,"[13, 26, 39, 52, 9, 4, 31, 22, 35, 44, 48, 17, 40, 18, 5]","[13, 26, 39, 52, 9, 4, 31, 22, 35, 44, 48, 17, 40, 18, 5]",[13],13,"[52, 39, 18, 31, 44, 35, 48, 17, 40]",[52],52,2.988
W76,260,247,13,True,No,2,0,True,mul,"[4, 18]","[4, 18]",[4],4,"[4, 18]",[4],4,2.5821
W75,734,721,13,True,No,2,0,True,mul,"[2, 26, 39, 50, 19, 33, 52, 31]","[2, 26, 39, 50, 19, 33, 52, 31]",[2],2,"[52, 39, 50, 19, 33, 31]",[52],52,3.2473
W77,734,721,13,True,No,1,0,True,mul,"[52, 13, 21, 31, 4, 39, 26, 57, 48, 25]","[52, 13, 21, 31, 4, 39, 26, 57, 48, 25]",[52],52,"[52, 21, 31, 39, 57, 48, 25]",[52],52,2.9012
W79,734,721,13,True,No,1,0,True,mul,"[52, 53, 2, 12, 51, 14, 13, 54]","[52, 53, 2, 12, 51, 14, 13, 54]",[52],52,"[52, 53, 54, 12, 51, 14]",[52],52,3.0857
W78,734,721,13,True,No,1,0,True,mul,"[13, 26, 39, 52, 9, 22, 48, 4]","[13, 26, 39, 52, 9, 22, 48, 4]",[13],13,"[52, 39, 9, 22, 48]",[52],52,3.3251
W81,734,721,13,True,No,2,0,True,mul,"[26, 52, 13, 11, 22, 2, 9, 24, 50, 39, 48, 37, 28, 35, 15, 4, 20]","[26, 52, 13, 11, 22, 2, 9, 24, 50, 39, 48, 37, 28, 35, 15, 4, 20]",[26],26,"[52, 22, 9, 48, 50, 39, 37, 28, 35, 15, 20]",[52],52,2.9701
W8,1636,1623,13,True,No,0,0,True,mul,"[2, 52, 3, 4, 53, 51, 50, 5, 54, 49, 55, 48, 6, 56, 47, 57, 7, 46, 8, 58, 45, 9, 44, 59, 60, 43, 10]","[2, 52, 3, 4, 53, 51, 50, 5, 54, 49, 55, 48, 6, 56, 47, 57, 7, 46, 8, 58, 45, 9, 44, 59, 60, 43, 10]",[2],2,"[60, 52, 53, 51, 50, 54, 49, 55, 48, 56, 47, 57, 46, 58, 45, 44, 59, 43]",[60],60,3.4687
W80,734,721,13,True,No,1,0,True,mul,"[52, 53, 2, 12, 14, 51, 13]","[52, 53, 2, 12, 14, 51, 13]",[52],52,"[52, 53, 12, 14, 51]",[52],52,3.2533
W83,497,484,13,True,No,1,0,True,mul,"[6, 39]","[6, 39]",[6],6,"[6, 39]",[6],6,2.7915
W82,1364,1351,13,True,No,2,0,True,mul,"[4, 22, 26, 35, 8, 30, 18, 39, 52, 13, 14, 48, 27]","[4, 22, 26, 35, 8, 30, 18, 39, 52, 13, 14, 48, 27]",[4],4,"[52, 22, 35, 48, 30, 18, 39, 14, 27]",[52],52,3.1137
W84,497,484,13,True,No,1,0,True,mul,"[7, 39]","[7, 39]",[7],7,"[7, 39]",[7],7,3.1895
W86,734,721,13,True,No,1,0,True,mul,"[2, 3, 4, 5, 52, 53, 6, 49, 55, 7, 54, 8, 50, 51]","[2, 3, 4, 5, 52, 53, 6, 49, 55, 7, 54, 8, 50, 51]",[2],2,"[54, 52, 55, 53, 49, 8, 50, 51]",[54],54,2.8564
W85,734,721,13,True,No,1,0,True,mul,"[2, 3, 4, 52, 5, 6, 53, 7, 54, 55, 49, 48, 50, 51, 8]","[2, 3, 4, 52, 5, 6, 53, 7, 54, 55, 49, 48, 50, 51, 8]",[2],2,"[54, 52, 55, 53, 49, 48, 50, 51]",[54],54,3.2453
W87,392,379,13,True,No,1,0,True,mul,"[17, 4, 26, 9, 52, 21, 30]","[17, 4, 26, 9, 52, 21, 30]",[17],17,"[17, 52, 9, 21, 30]",[17],17,3.0189
W89,1057,1044,13,True,No,1,0,True,mul,"[13, 26, 8, 30, 38, 18, 20, 22]","[13, 26, 8, 30, 38, 18, 20, 22]",[13],13,"[26, 8, 30, 38, 18, 20, 22]",[26],26,2.997
W88,2296,2283,13,True,No,2,0,True,mul,"[52, 26, 13, 2, 39, 48, 22, 4, 50, 24, 35, 28, 37, 11, 15, 41, 17, 9, 6, 44]","[52, 26, 13, 2, 39, 48, 22, 4, 50, 24, 35, 28, 37, 11, 15, 41, 17, 9, 6, 44]",[52],52,"[52, 39, 48, 44, 50, 35, 28, 37, 15, 41, 17, 9]",[52],52,3.736
W90,1057,1044,13,True,No,1,0,True,mul,"[39, 13, 52, 26, 4, 22]","[39, 13, 52, 26, 4, 22]",[39],39,"[39, 52, 22]",[39],39,3.0628
W9,1616,1603,13,True,No,0,0,True,mul,"[2, 3, 4, 5, 52, 6, 7, 53, 51, 50, 8, 49, 54, 48, 9, 47, 55, 56, 10, 46, 57, 11, 45, 13, 12, 44, 58, 43, 14, 59, 42, 60, 15, 41, 39, 40, 16, 17, 38, 18]","[2, 3, 4, 5, 52, 6, 7, 53, 51, 50, 8, 49, 54, 48, 9, 47, 55, 56, 10, 46, 57, 11, 45, 13, 12, 44, 58, 43, 14, 59, 42, 60, 15, 41, 39, 40, 16, 17, 38, 18]",[2],2,"[60, 52, 56, 53, 51, 50, 49, 54, 48, 47, 55, 46, 57, 45, 44, 58, 43, 59, 42, 41, 39, 40, 38]",[60],60,3.1057
W93,657,644,13,True,No,1,0,True,mul,"[4, 13, 22, 9, 26, 35, 39, 17, 30, 48, 52, 5, 8, 43, 18, 57, 44, 56, 31]","[4, 13, 22, 9, 26, 35, 39, 17, 30, 48, 52, 5, 8, 43, 18, 57, 44, 56, 31]",[4],4,"[56, 52, 44, 18, 35, 39, 17, 30, 48, 43, 57, 31]",[56],56,2.6519
W95,288,275,13,True,No,1,0,True,mul,[44],[44],[44],44,[44],[44],44,2.609
W94,288,275,13,True,No,1,0,True,mul,"[44, 15, 29]","[44, 15, 29]",[44],44,"[44, 15, 29]",[44],44,2.7257
W91,2296,2283,13,True,No,1,0,True,mul,"[52, 26, 13, 39, 22, 4, 18, 48, 8, 30, 33, 46]","[52, 26, 13, 39, 22, 4, 18, 48, 8, 30, 33, 46]",[52],52,"[52, 39, 22, 18, 48, 30, 33, 46]",[52],52,3.6303
W92,2296,2283,13,True,No,2,0,True,mul,"[52, 26, 39, 13, 2, 22, 4, 48, 24, 35, 28, 9, 50, 17]","[52, 26, 39, 13, 2, 22, 4, 48, 24, 35, 28, 9, 50, 17]",[52],52,"[52, 39, 22, 48, 35, 28, 9, 50, 17]",[52],52,3.5256
W96,2296,2283,13,True,No,2,0,True,mul,"[52, 26, 13, 48, 39, 22, 35, 4, 9, 17, 30, 2, 57, 44, 43, 24, 50]","[52, 26, 13, 48, 39, 22, 35, 4, 9, 17, 30, 2, 57, 44, 43, 24, 50]",[52],52,"[52, 48, 39, 44, 35, 9, 17, 30, 57, 43, 50]",[52],52,3.376
W97,2296,2283,13,True,No,1,0,True,mul,"[26, 48, 52, 22, 4, 13, 30, 18, 8, 35, 56, 44, 39, 17]","[26, 48, 52, 22, 4, 13, 30, 18, 8, 35, 56, 44, 39, 17]",[26],26,"[52, 48, 44, 56, 30, 18, 35, 39, 17]",[52],52,3.2034
W98,2296,2283,13,True,No,1,0,True,mul,"[26, 48, 52, 22, 13, 4, 30, 18, 8, 56, 44, 35, 39, 38, 17]","[26, 48, 52, 22, 13, 4, 30, 18, 8, 56, 44, 35, 39, 38, 17]",[26],26,"[52, 48, 44, 56, 30, 18, 35, 39, 38, 17]",[52],52,3.2972
W99,2296,2283,13,True,No,1,0,True,mul,"[4, 26, 52, 22, 48, 30, 17, 18, 13, 6, 35, 36, 14, 56, 5, 44, 11, 34, 3]","[4, 26, 52, 22, 48, 30, 17, 18, 13, 6, 35, 36, 14, 56, 5, 44, 11, 34, 3]",[4],4,"[56, 52, 44, 48, 30, 34, 36, 35]",[56],56,2.9102
