unique_id,ds,y_pred,model_name,model
O1,1970-04-07,4542.51,naive,NaiveForecaster()
O1,1970-04-08,4542.51,naive,NaiveForecaster()
O1,1970-04-09,4542.51,naive,NaiveForecaster()
O1,1970-04-10,4542.51,naive,NaiveForecaster()
O1,1970-04-11,4542.51,naive,NaiveForecaster()
O1,1970-04-12,4542.51,naive,NaiveForecaster()
O1,1970-04-13,4542.51,naive,NaiveForecaster()
O1,1970-04-14,4542.51,naive,NaiveForecaster()
O10,1970-04-07,5731.34,naive,NaiveForecaster()
O10,1970-04-08,5731.34,naive,NaiveForecaster()
O10,1970-04-09,5731.34,naive,NaiveForecaster()
O10,1970-04-10,5731.34,naive,NaiveForecaster()
O10,1970-04-11,5731.34,naive,NaiveForecaster()
O10,1970-04-12,5731.34,naive,NaiveForecaster()
O10,1970-04-13,5731.34,naive,NaiveForecaster()
O10,1970-04-14,5731.34,naive,NaiveForecaster()
O100,1970-03-05,1940.0,naive,NaiveForecaster()
O100,1970-03-06,1940.0,naive,NaiveForecaster()
O100,1970-03-07,1940.0,naive,NaiveForecaster()
O100,1970-03-08,1940.0,naive,NaiveForecaster()
O100,1970-03-09,1940.0,naive,NaiveForecaster()
O100,1970-03-10,1940.0,naive,NaiveForecaster()
O100,1970-03-11,1940.0,naive,NaiveForecaster()
O100,1970-03-12,1940.0,naive,NaiveForecaster()
O101,1970-03-05,11418.0,naive,NaiveForecaster()
O101,1970-03-06,11418.0,naive,NaiveForecaster()
O101,1970-03-07,11418.0,naive,NaiveForecaster()
O101,1970-03-08,11418.0,naive,NaiveForecaster()
O101,1970-03-09,11418.0,naive,NaiveForecaster()
O101,1970-03-10,11418.0,naive,NaiveForecaster()
O101,1970-03-11,11418.0,naive,NaiveForecaster()
O101,1970-03-12,11418.0,naive,NaiveForecaster()
O102,1970-03-05,5881.0,naive,NaiveForecaster()
O102,1970-03-06,5881.0,naive,NaiveForecaster()
O102,1970-03-07,5881.0,naive,NaiveForecaster()
O102,1970-03-08,5881.0,naive,NaiveForecaster()
O102,1970-03-09,5881.0,naive,NaiveForecaster()
O102,1970-03-10,5881.0,naive,NaiveForecaster()
O102,1970-03-11,5881.0,naive,NaiveForecaster()
O102,1970-03-12,5881.0,naive,NaiveForecaster()
O103,1970-03-05,9859.0,naive,NaiveForecaster()
O103,1970-03-06,9859.0,naive,NaiveForecaster()
O103,1970-03-07,9859.0,naive,NaiveForecaster()
O103,1970-03-08,9859.0,naive,NaiveForecaster()
O103,1970-03-09,9859.0,naive,NaiveForecaster()
O103,1970-03-10,9859.0,naive,NaiveForecaster()
O103,1970-03-11,9859.0,naive,NaiveForecaster()
O103,1970-03-12,9859.0,naive,NaiveForecaster()
O104,1970-03-05,10439.0,naive,NaiveForecaster()
O104,1970-03-06,10439.0,naive,NaiveForecaster()
O104,1970-03-07,10439.0,naive,NaiveForecaster()
O104,1970-03-08,10439.0,naive,NaiveForecaster()
O104,1970-03-09,10439.0,naive,NaiveForecaster()
O104,1970-03-10,10439.0,naive,NaiveForecaster()
O104,1970-03-11,10439.0,naive,NaiveForecaster()
O104,1970-03-12,10439.0,naive,NaiveForecaster()
O105,1970-03-05,6614.0,naive,NaiveForecaster()
O105,1970-03-06,6614.0,naive,NaiveForecaster()
O105,1970-03-07,6614.0,naive,NaiveForecaster()
O105,1970-03-08,6614.0,naive,NaiveForecaster()
O105,1970-03-09,6614.0,naive,NaiveForecaster()
O105,1970-03-10,6614.0,naive,NaiveForecaster()
O105,1970-03-11,6614.0,naive,NaiveForecaster()
O105,1970-03-12,6614.0,naive,NaiveForecaster()
O106,1970-03-05,7040.0,naive,NaiveForecaster()
O106,1970-03-06,7040.0,naive,NaiveForecaster()
O106,1970-03-07,7040.0,naive,NaiveForecaster()
O106,1970-03-08,7040.0,naive,NaiveForecaster()
O106,1970-03-09,7040.0,naive,NaiveForecaster()
O106,1970-03-10,7040.0,naive,NaiveForecaster()
O106,1970-03-11,7040.0,naive,NaiveForecaster()
O106,1970-03-12,7040.0,naive,NaiveForecaster()
O107,1970-03-05,12251.0,naive,NaiveForecaster()
O107,1970-03-06,12251.0,naive,NaiveForecaster()
O107,1970-03-07,12251.0,naive,NaiveForecaster()
O107,1970-03-08,12251.0,naive,NaiveForecaster()
O107,1970-03-09,12251.0,naive,NaiveForecaster()
O107,1970-03-10,12251.0,naive,NaiveForecaster()
O107,1970-03-11,12251.0,naive,NaiveForecaster()
O107,1970-03-12,12251.0,naive,NaiveForecaster()
O108,1970-03-05,3565.0,naive,NaiveForecaster()
O108,1970-03-06,3565.0,naive,NaiveForecaster()
O108,1970-03-07,3565.0,naive,NaiveForecaster()
O108,1970-03-08,3565.0,naive,NaiveForecaster()
O108,1970-03-09,3565.0,naive,NaiveForecaster()
O108,1970-03-10,3565.0,naive,NaiveForecaster()
O108,1970-03-11,3565.0,naive,NaiveForecaster()
O108,1970-03-12,3565.0,naive,NaiveForecaster()
O109,1970-03-05,4233.0,naive,NaiveForecaster()
O109,1970-03-06,4233.0,naive,NaiveForecaster()
O109,1970-03-07,4233.0,naive,NaiveForecaster()
O109,1970-03-08,4233.0,naive,NaiveForecaster()
O109,1970-03-09,4233.0,naive,NaiveForecaster()
O109,1970-03-10,4233.0,naive,NaiveForecaster()
O109,1970-03-11,4233.0,naive,NaiveForecaster()
O109,1970-03-12,4233.0,naive,NaiveForecaster()
O11,1970-04-06,6549.09,naive,NaiveForecaster()
O11,1970-04-07,6549.09,naive,NaiveForecaster()
O11,1970-04-08,6549.09,naive,NaiveForecaster()
O11,1970-04-09,6549.09,naive,NaiveForecaster()
O11,1970-04-10,6549.09,naive,NaiveForecaster()
O11,1970-04-11,6549.09,naive,NaiveForecaster()
O11,1970-04-12,6549.09,naive,NaiveForecaster()
O11,1970-04-13,6549.09,naive,NaiveForecaster()
O110,1970-03-05,4591.0,naive,NaiveForecaster()
O110,1970-03-06,4591.0,naive,NaiveForecaster()
O110,1970-03-07,4591.0,naive,NaiveForecaster()
O110,1970-03-08,4591.0,naive,NaiveForecaster()
O110,1970-03-09,4591.0,naive,NaiveForecaster()
O110,1970-03-10,4591.0,naive,NaiveForecaster()
O110,1970-03-11,4591.0,naive,NaiveForecaster()
O110,1970-03-12,4591.0,naive,NaiveForecaster()
O111,1970-03-05,6002.0,naive,NaiveForecaster()
O111,1970-03-06,6002.0,naive,NaiveForecaster()
O111,1970-03-07,6002.0,naive,NaiveForecaster()
O111,1970-03-08,6002.0,naive,NaiveForecaster()
O111,1970-03-09,6002.0,naive,NaiveForecaster()
O111,1970-03-10,6002.0,naive,NaiveForecaster()
O111,1970-03-11,6002.0,naive,NaiveForecaster()
O111,1970-03-12,6002.0,naive,NaiveForecaster()
O112,1970-03-05,1598.0,naive,NaiveForecaster()
O112,1970-03-06,1598.0,naive,NaiveForecaster()
O112,1970-03-07,1598.0,naive,NaiveForecaster()
O112,1970-03-08,1598.0,naive,NaiveForecaster()
O112,1970-03-09,1598.0,naive,NaiveForecaster()
O112,1970-03-10,1598.0,naive,NaiveForecaster()
O112,1970-03-11,1598.0,naive,NaiveForecaster()
O112,1970-03-12,1598.0,naive,NaiveForecaster()
O113,1970-03-05,2563.0,naive,NaiveForecaster()
O113,1970-03-06,2563.0,naive,NaiveForecaster()
O113,1970-03-07,2563.0,naive,NaiveForecaster()
O113,1970-03-08,2563.0,naive,NaiveForecaster()
O113,1970-03-09,2563.0,naive,NaiveForecaster()
O113,1970-03-10,2563.0,naive,NaiveForecaster()
O113,1970-03-11,2563.0,naive,NaiveForecaster()
O113,1970-03-12,2563.0,naive,NaiveForecaster()
O114,1970-03-05,1648.0,naive,NaiveForecaster()
O114,1970-03-06,1648.0,naive,NaiveForecaster()
O114,1970-03-07,1648.0,naive,NaiveForecaster()
O114,1970-03-08,1648.0,naive,NaiveForecaster()
O114,1970-03-09,1648.0,naive,NaiveForecaster()
O114,1970-03-10,1648.0,naive,NaiveForecaster()
O114,1970-03-11,1648.0,naive,NaiveForecaster()
O114,1970-03-12,1648.0,naive,NaiveForecaster()
O115,1970-03-05,3322.0,naive,NaiveForecaster()
O115,1970-03-06,3322.0,naive,NaiveForecaster()
O115,1970-03-07,3322.0,naive,NaiveForecaster()
O115,1970-03-08,3322.0,naive,NaiveForecaster()
O115,1970-03-09,3322.0,naive,NaiveForecaster()
O115,1970-03-10,3322.0,naive,NaiveForecaster()
O115,1970-03-11,3322.0,naive,NaiveForecaster()
O115,1970-03-12,3322.0,naive,NaiveForecaster()
O116,1970-03-05,2926.0,naive,NaiveForecaster()
O116,1970-03-06,2926.0,naive,NaiveForecaster()
O116,1970-03-07,2926.0,naive,NaiveForecaster()
O116,1970-03-08,2926.0,naive,NaiveForecaster()
O116,1970-03-09,2926.0,naive,NaiveForecaster()
O116,1970-03-10,2926.0,naive,NaiveForecaster()
O116,1970-03-11,2926.0,naive,NaiveForecaster()
O116,1970-03-12,2926.0,naive,NaiveForecaster()
O117,1970-03-05,4653.0,naive,NaiveForecaster()
O117,1970-03-06,4653.0,naive,NaiveForecaster()
O117,1970-03-07,4653.0,naive,NaiveForecaster()
O117,1970-03-08,4653.0,naive,NaiveForecaster()
O117,1970-03-09,4653.0,naive,NaiveForecaster()
O117,1970-03-10,4653.0,naive,NaiveForecaster()
O117,1970-03-11,4653.0,naive,NaiveForecaster()
O117,1970-03-12,4653.0,naive,NaiveForecaster()
O118,1970-03-05,3181.0,naive,NaiveForecaster()
O118,1970-03-06,3181.0,naive,NaiveForecaster()
O118,1970-03-07,3181.0,naive,NaiveForecaster()
O118,1970-03-08,3181.0,naive,NaiveForecaster()
O118,1970-03-09,3181.0,naive,NaiveForecaster()
O118,1970-03-10,3181.0,naive,NaiveForecaster()
O118,1970-03-11,3181.0,naive,NaiveForecaster()
O118,1970-03-12,3181.0,naive,NaiveForecaster()
O119,1970-03-05,2351.0,naive,NaiveForecaster()
O119,1970-03-06,2351.0,naive,NaiveForecaster()
O119,1970-03-07,2351.0,naive,NaiveForecaster()
O119,1970-03-08,2351.0,naive,NaiveForecaster()
O119,1970-03-09,2351.0,naive,NaiveForecaster()
O119,1970-03-10,2351.0,naive,NaiveForecaster()
O119,1970-03-11,2351.0,naive,NaiveForecaster()
O119,1970-03-12,2351.0,naive,NaiveForecaster()
O12,1970-04-07,6801.88,naive,NaiveForecaster()
O12,1970-04-08,6801.88,naive,NaiveForecaster()
O12,1970-04-09,6801.88,naive,NaiveForecaster()
O12,1970-04-10,6801.88,naive,NaiveForecaster()
O12,1970-04-11,6801.88,naive,NaiveForecaster()
O12,1970-04-12,6801.88,naive,NaiveForecaster()
O12,1970-04-13,6801.88,naive,NaiveForecaster()
O12,1970-04-14,6801.88,naive,NaiveForecaster()
O120,1970-03-05,3259.0,naive,NaiveForecaster()
O120,1970-03-06,3259.0,naive,NaiveForecaster()
O120,1970-03-07,3259.0,naive,NaiveForecaster()
O120,1970-03-08,3259.0,naive,NaiveForecaster()
O120,1970-03-09,3259.0,naive,NaiveForecaster()
O120,1970-03-10,3259.0,naive,NaiveForecaster()
O120,1970-03-11,3259.0,naive,NaiveForecaster()
O120,1970-03-12,3259.0,naive,NaiveForecaster()
O121,1970-03-05,13655.0,naive,NaiveForecaster()
O121,1970-03-06,13655.0,naive,NaiveForecaster()
O121,1970-03-07,13655.0,naive,NaiveForecaster()
O121,1970-03-08,13655.0,naive,NaiveForecaster()
O121,1970-03-09,13655.0,naive,NaiveForecaster()
O121,1970-03-10,13655.0,naive,NaiveForecaster()
O121,1970-03-11,13655.0,naive,NaiveForecaster()
O121,1970-03-12,13655.0,naive,NaiveForecaster()
O122,1970-03-05,2655.0,naive,NaiveForecaster()
O122,1970-03-06,2655.0,naive,NaiveForecaster()
O122,1970-03-07,2655.0,naive,NaiveForecaster()
O122,1970-03-08,2655.0,naive,NaiveForecaster()
O122,1970-03-09,2655.0,naive,NaiveForecaster()
O122,1970-03-10,2655.0,naive,NaiveForecaster()
O122,1970-03-11,2655.0,naive,NaiveForecaster()
O122,1970-03-12,2655.0,naive,NaiveForecaster()
O123,1970-03-05,4076.0,naive,NaiveForecaster()
O123,1970-03-06,4076.0,naive,NaiveForecaster()
O123,1970-03-07,4076.0,naive,NaiveForecaster()
O123,1970-03-08,4076.0,naive,NaiveForecaster()
O123,1970-03-09,4076.0,naive,NaiveForecaster()
O123,1970-03-10,4076.0,naive,NaiveForecaster()
O123,1970-03-11,4076.0,naive,NaiveForecaster()
O123,1970-03-12,4076.0,naive,NaiveForecaster()
O124,1970-03-05,5291.0,naive,NaiveForecaster()
O124,1970-03-06,5291.0,naive,NaiveForecaster()
O124,1970-03-07,5291.0,naive,NaiveForecaster()
O124,1970-03-08,5291.0,naive,NaiveForecaster()
O124,1970-03-09,5291.0,naive,NaiveForecaster()
O124,1970-03-10,5291.0,naive,NaiveForecaster()
O124,1970-03-11,5291.0,naive,NaiveForecaster()
O124,1970-03-12,5291.0,naive,NaiveForecaster()
O125,1970-03-05,3059.0,naive,NaiveForecaster()
O125,1970-03-06,3059.0,naive,NaiveForecaster()
O125,1970-03-07,3059.0,naive,NaiveForecaster()
O125,1970-03-08,3059.0,naive,NaiveForecaster()
O125,1970-03-09,3059.0,naive,NaiveForecaster()
O125,1970-03-10,3059.0,naive,NaiveForecaster()
O125,1970-03-11,3059.0,naive,NaiveForecaster()
O125,1970-03-12,3059.0,naive,NaiveForecaster()
O126,1970-03-05,2707.0,naive,NaiveForecaster()
O126,1970-03-06,2707.0,naive,NaiveForecaster()
O126,1970-03-07,2707.0,naive,NaiveForecaster()
O126,1970-03-08,2707.0,naive,NaiveForecaster()
O126,1970-03-09,2707.0,naive,NaiveForecaster()
O126,1970-03-10,2707.0,naive,NaiveForecaster()
O126,1970-03-11,2707.0,naive,NaiveForecaster()
O126,1970-03-12,2707.0,naive,NaiveForecaster()
O127,1970-03-05,2255.0,snaive,NaiveForecaster(sp=13)
O127,1970-03-06,2246.0,snaive,NaiveForecaster(sp=13)
O127,1970-03-07,2130.0,snaive,NaiveForecaster(sp=13)
O127,1970-03-08,2130.0,snaive,NaiveForecaster(sp=13)
O127,1970-03-09,2104.0,snaive,NaiveForecaster(sp=13)
O127,1970-03-10,2095.0,snaive,NaiveForecaster(sp=13)
O127,1970-03-11,2081.0,snaive,NaiveForecaster(sp=13)
O127,1970-03-12,2101.0,snaive,NaiveForecaster(sp=13)
O128,1970-03-05,1260.0,naive,NaiveForecaster()
O128,1970-03-06,1260.0,naive,NaiveForecaster()
O128,1970-03-07,1260.0,naive,NaiveForecaster()
O128,1970-03-08,1260.0,naive,NaiveForecaster()
O128,1970-03-09,1260.0,naive,NaiveForecaster()
O128,1970-03-10,1260.0,naive,NaiveForecaster()
O128,1970-03-11,1260.0,naive,NaiveForecaster()
O128,1970-03-12,1260.0,naive,NaiveForecaster()
O129,1970-03-05,4195.0,naive,NaiveForecaster()
O129,1970-03-06,4195.0,naive,NaiveForecaster()
O129,1970-03-07,4195.0,naive,NaiveForecaster()
O129,1970-03-08,4195.0,naive,NaiveForecaster()
O129,1970-03-09,4195.0,naive,NaiveForecaster()
O129,1970-03-10,4195.0,naive,NaiveForecaster()
O129,1970-03-11,4195.0,naive,NaiveForecaster()
O129,1970-03-12,4195.0,naive,NaiveForecaster()
O13,1970-04-06,6708.99,snaive,NaiveForecaster(sp=14)
O13,1970-04-07,6708.99,snaive,NaiveForecaster(sp=14)
O13,1970-04-08,6687.83,snaive,NaiveForecaster(sp=14)
O13,1970-04-09,6741.93,snaive,NaiveForecaster(sp=14)
O13,1970-04-10,6736.04,snaive,NaiveForecaster(sp=14)
O13,1970-04-11,6743.11,snaive,NaiveForecaster(sp=14)
O13,1970-04-12,6713.7,snaive,NaiveForecaster(sp=14)
O13,1970-04-13,6690.14,snaive,NaiveForecaster(sp=14)
O130,1970-03-05,3292.0,naive,NaiveForecaster()
O130,1970-03-06,3292.0,naive,NaiveForecaster()
O130,1970-03-07,3292.0,naive,NaiveForecaster()
O130,1970-03-08,3292.0,naive,NaiveForecaster()
O130,1970-03-09,3292.0,naive,NaiveForecaster()
O130,1970-03-10,3292.0,naive,NaiveForecaster()
O130,1970-03-11,3292.0,naive,NaiveForecaster()
O130,1970-03-12,3292.0,naive,NaiveForecaster()
O131,1970-03-05,1347.0,snaive,NaiveForecaster(sp=5)
O131,1970-03-06,1323.0,snaive,NaiveForecaster(sp=5)
O131,1970-03-07,1289.0,snaive,NaiveForecaster(sp=5)
O131,1970-03-08,1265.0,snaive,NaiveForecaster(sp=5)
O131,1970-03-09,1244.0,snaive,NaiveForecaster(sp=5)
O131,1970-03-10,1347.0,snaive,NaiveForecaster(sp=5)
O131,1970-03-11,1323.0,snaive,NaiveForecaster(sp=5)
O131,1970-03-12,1289.0,snaive,NaiveForecaster(sp=5)
O132,1970-03-05,10445.0,naive,NaiveForecaster()
O132,1970-03-06,10445.0,naive,NaiveForecaster()
O132,1970-03-07,10445.0,naive,NaiveForecaster()
O132,1970-03-08,10445.0,naive,NaiveForecaster()
O132,1970-03-09,10445.0,naive,NaiveForecaster()
O132,1970-03-10,10445.0,naive,NaiveForecaster()
O132,1970-03-11,10445.0,naive,NaiveForecaster()
O132,1970-03-12,10445.0,naive,NaiveForecaster()
O133,1970-03-05,5908.0,naive,NaiveForecaster()
O133,1970-03-06,5908.0,naive,NaiveForecaster()
O133,1970-03-07,5908.0,naive,NaiveForecaster()
O133,1970-03-08,5908.0,naive,NaiveForecaster()
O133,1970-03-09,5908.0,naive,NaiveForecaster()
O133,1970-03-10,5908.0,naive,NaiveForecaster()
O133,1970-03-11,5908.0,naive,NaiveForecaster()
O133,1970-03-12,5908.0,naive,NaiveForecaster()
O134,1970-03-05,1912.0,naive,NaiveForecaster()
O134,1970-03-06,1912.0,naive,NaiveForecaster()
O134,1970-03-07,1912.0,naive,NaiveForecaster()
O134,1970-03-08,1912.0,naive,NaiveForecaster()
O134,1970-03-09,1912.0,naive,NaiveForecaster()
O134,1970-03-10,1912.0,naive,NaiveForecaster()
O134,1970-03-11,1912.0,naive,NaiveForecaster()
O134,1970-03-12,1912.0,naive,NaiveForecaster()
O135,1970-03-05,3014.0,naive,NaiveForecaster()
O135,1970-03-06,3014.0,naive,NaiveForecaster()
O135,1970-03-07,3014.0,naive,NaiveForecaster()
O135,1970-03-08,3014.0,naive,NaiveForecaster()
O135,1970-03-09,3014.0,naive,NaiveForecaster()
O135,1970-03-10,3014.0,naive,NaiveForecaster()
O135,1970-03-11,3014.0,naive,NaiveForecaster()
O135,1970-03-12,3014.0,naive,NaiveForecaster()
O136,1970-03-05,2704.0,naive,NaiveForecaster()
O136,1970-03-06,2704.0,naive,NaiveForecaster()
O136,1970-03-07,2704.0,naive,NaiveForecaster()
O136,1970-03-08,2704.0,naive,NaiveForecaster()
O136,1970-03-09,2704.0,naive,NaiveForecaster()
O136,1970-03-10,2704.0,naive,NaiveForecaster()
O136,1970-03-11,2704.0,naive,NaiveForecaster()
O136,1970-03-12,2704.0,naive,NaiveForecaster()
O137,1970-03-05,2961.0,naive,NaiveForecaster()
O137,1970-03-06,2961.0,naive,NaiveForecaster()
O137,1970-03-07,2961.0,naive,NaiveForecaster()
O137,1970-03-08,2961.0,naive,NaiveForecaster()
O137,1970-03-09,2961.0,naive,NaiveForecaster()
O137,1970-03-10,2961.0,naive,NaiveForecaster()
O137,1970-03-11,2961.0,naive,NaiveForecaster()
O137,1970-03-12,2961.0,naive,NaiveForecaster()
O138,1970-03-05,3041.0,naive,NaiveForecaster()
O138,1970-03-06,3041.0,naive,NaiveForecaster()
O138,1970-03-07,3041.0,naive,NaiveForecaster()
O138,1970-03-08,3041.0,naive,NaiveForecaster()
O138,1970-03-09,3041.0,naive,NaiveForecaster()
O138,1970-03-10,3041.0,naive,NaiveForecaster()
O138,1970-03-11,3041.0,naive,NaiveForecaster()
O138,1970-03-12,3041.0,naive,NaiveForecaster()
O139,1970-03-05,2869.0,naive,NaiveForecaster()
O139,1970-03-06,2869.0,naive,NaiveForecaster()
O139,1970-03-07,2869.0,naive,NaiveForecaster()
O139,1970-03-08,2869.0,naive,NaiveForecaster()
O139,1970-03-09,2869.0,naive,NaiveForecaster()
O139,1970-03-10,2869.0,naive,NaiveForecaster()
O139,1970-03-11,2869.0,naive,NaiveForecaster()
O139,1970-03-12,2869.0,naive,NaiveForecaster()
O14,1970-04-06,6519.07,snaive,NaiveForecaster(sp=2)
O14,1970-04-07,6603.55,snaive,NaiveForecaster(sp=2)
O14,1970-04-08,6519.07,snaive,NaiveForecaster(sp=2)
O14,1970-04-09,6603.55,snaive,NaiveForecaster(sp=2)
O14,1970-04-10,6519.07,snaive,NaiveForecaster(sp=2)
O14,1970-04-11,6603.55,snaive,NaiveForecaster(sp=2)
O14,1970-04-12,6519.07,snaive,NaiveForecaster(sp=2)
O14,1970-04-13,6603.55,snaive,NaiveForecaster(sp=2)
O140,1970-03-05,11578.0,naive,NaiveForecaster()
O140,1970-03-06,11578.0,naive,NaiveForecaster()
O140,1970-03-07,11578.0,naive,NaiveForecaster()
O140,1970-03-08,11578.0,naive,NaiveForecaster()
O140,1970-03-09,11578.0,naive,NaiveForecaster()
O140,1970-03-10,11578.0,naive,NaiveForecaster()
O140,1970-03-11,11578.0,naive,NaiveForecaster()
O140,1970-03-12,11578.0,naive,NaiveForecaster()
O141,1970-03-05,3539.0,naive,NaiveForecaster()
O141,1970-03-06,3539.0,naive,NaiveForecaster()
O141,1970-03-07,3539.0,naive,NaiveForecaster()
O141,1970-03-08,3539.0,naive,NaiveForecaster()
O141,1970-03-09,3539.0,naive,NaiveForecaster()
O141,1970-03-10,3539.0,naive,NaiveForecaster()
O141,1970-03-11,3539.0,naive,NaiveForecaster()
O141,1970-03-12,3539.0,naive,NaiveForecaster()
O142,1970-03-05,1917.0,naive,NaiveForecaster()
O142,1970-03-06,1917.0,naive,NaiveForecaster()
O142,1970-03-07,1917.0,naive,NaiveForecaster()
O142,1970-03-08,1917.0,naive,NaiveForecaster()
O142,1970-03-09,1917.0,naive,NaiveForecaster()
O142,1970-03-10,1917.0,naive,NaiveForecaster()
O142,1970-03-11,1917.0,naive,NaiveForecaster()
O142,1970-03-12,1917.0,naive,NaiveForecaster()
O143,1970-03-05,4373.0,naive,NaiveForecaster()
O143,1970-03-06,4373.0,naive,NaiveForecaster()
O143,1970-03-07,4373.0,naive,NaiveForecaster()
O143,1970-03-08,4373.0,naive,NaiveForecaster()
O143,1970-03-09,4373.0,naive,NaiveForecaster()
O143,1970-03-10,4373.0,naive,NaiveForecaster()
O143,1970-03-11,4373.0,naive,NaiveForecaster()
O143,1970-03-12,4373.0,naive,NaiveForecaster()
O144,1970-03-05,6385.0,naive,NaiveForecaster()
O144,1970-03-06,6385.0,naive,NaiveForecaster()
O144,1970-03-07,6385.0,naive,NaiveForecaster()
O144,1970-03-08,6385.0,naive,NaiveForecaster()
O144,1970-03-09,6385.0,naive,NaiveForecaster()
O144,1970-03-10,6385.0,naive,NaiveForecaster()
O144,1970-03-11,6385.0,naive,NaiveForecaster()
O144,1970-03-12,6385.0,naive,NaiveForecaster()
O145,1970-03-05,1238.0,naive,NaiveForecaster()
O145,1970-03-06,1238.0,naive,NaiveForecaster()
O145,1970-03-07,1238.0,naive,NaiveForecaster()
O145,1970-03-08,1238.0,naive,NaiveForecaster()
O145,1970-03-09,1238.0,naive,NaiveForecaster()
O145,1970-03-10,1238.0,naive,NaiveForecaster()
O145,1970-03-11,1238.0,naive,NaiveForecaster()
O145,1970-03-12,1238.0,naive,NaiveForecaster()
O146,1970-03-05,2720.0,naive,NaiveForecaster()
O146,1970-03-06,2720.0,naive,NaiveForecaster()
O146,1970-03-07,2720.0,naive,NaiveForecaster()
O146,1970-03-08,2720.0,naive,NaiveForecaster()
O146,1970-03-09,2720.0,naive,NaiveForecaster()
O146,1970-03-10,2720.0,naive,NaiveForecaster()
O146,1970-03-11,2720.0,naive,NaiveForecaster()
O146,1970-03-12,2720.0,naive,NaiveForecaster()
O147,1970-03-05,1556.0,naive,NaiveForecaster()
O147,1970-03-06,1556.0,naive,NaiveForecaster()
O147,1970-03-07,1556.0,naive,NaiveForecaster()
O147,1970-03-08,1556.0,naive,NaiveForecaster()
O147,1970-03-09,1556.0,naive,NaiveForecaster()
O147,1970-03-10,1556.0,naive,NaiveForecaster()
O147,1970-03-11,1556.0,naive,NaiveForecaster()
O147,1970-03-12,1556.0,naive,NaiveForecaster()
O148,1970-03-05,11144.0,naive,NaiveForecaster()
O148,1970-03-06,11144.0,naive,NaiveForecaster()
O148,1970-03-07,11144.0,naive,NaiveForecaster()
O148,1970-03-08,11144.0,naive,NaiveForecaster()
O148,1970-03-09,11144.0,naive,NaiveForecaster()
O148,1970-03-10,11144.0,naive,NaiveForecaster()
O148,1970-03-11,11144.0,naive,NaiveForecaster()
O148,1970-03-12,11144.0,naive,NaiveForecaster()
O149,1970-03-05,8402.0,naive,NaiveForecaster()
O149,1970-03-06,8402.0,naive,NaiveForecaster()
O149,1970-03-07,8402.0,naive,NaiveForecaster()
O149,1970-03-08,8402.0,naive,NaiveForecaster()
O149,1970-03-09,8402.0,naive,NaiveForecaster()
O149,1970-03-10,8402.0,naive,NaiveForecaster()
O149,1970-03-11,8402.0,naive,NaiveForecaster()
O149,1970-03-12,8402.0,naive,NaiveForecaster()
O15,1970-04-06,7436.21,naive,NaiveForecaster()
O15,1970-04-07,7436.21,naive,NaiveForecaster()
O15,1970-04-08,7436.21,naive,NaiveForecaster()
O15,1970-04-09,7436.21,naive,NaiveForecaster()
O15,1970-04-10,7436.21,naive,NaiveForecaster()
O15,1970-04-11,7436.21,naive,NaiveForecaster()
O15,1970-04-12,7436.21,naive,NaiveForecaster()
O15,1970-04-13,7436.21,naive,NaiveForecaster()
O150,1970-03-05,2253.0,naive,NaiveForecaster()
O150,1970-03-06,2253.0,naive,NaiveForecaster()
O150,1970-03-07,2253.0,naive,NaiveForecaster()
O150,1970-03-08,2253.0,naive,NaiveForecaster()
O150,1970-03-09,2253.0,naive,NaiveForecaster()
O150,1970-03-10,2253.0,naive,NaiveForecaster()
O150,1970-03-11,2253.0,naive,NaiveForecaster()
O150,1970-03-12,2253.0,naive,NaiveForecaster()
O151,1970-03-05,2024.0,snaive,NaiveForecaster(sp=11)
O151,1970-03-06,2026.0,snaive,NaiveForecaster(sp=11)
O151,1970-03-07,2008.0,snaive,NaiveForecaster(sp=11)
O151,1970-03-08,2006.0,snaive,NaiveForecaster(sp=11)
O151,1970-03-09,1996.0,snaive,NaiveForecaster(sp=11)
O151,1970-03-10,1965.0,snaive,NaiveForecaster(sp=11)
O151,1970-03-11,1930.0,snaive,NaiveForecaster(sp=11)
O151,1970-03-12,1931.0,snaive,NaiveForecaster(sp=11)
O152,1970-03-05,4021.0,naive,NaiveForecaster()
O152,1970-03-06,4021.0,naive,NaiveForecaster()
O152,1970-03-07,4021.0,naive,NaiveForecaster()
O152,1970-03-08,4021.0,naive,NaiveForecaster()
O152,1970-03-09,4021.0,naive,NaiveForecaster()
O152,1970-03-10,4021.0,naive,NaiveForecaster()
O152,1970-03-11,4021.0,naive,NaiveForecaster()
O152,1970-03-12,4021.0,naive,NaiveForecaster()
O153,1970-03-05,1175.0,naive,NaiveForecaster()
O153,1970-03-06,1175.0,naive,NaiveForecaster()
O153,1970-03-07,1175.0,naive,NaiveForecaster()
O153,1970-03-08,1175.0,naive,NaiveForecaster()
O153,1970-03-09,1175.0,naive,NaiveForecaster()
O153,1970-03-10,1175.0,naive,NaiveForecaster()
O153,1970-03-11,1175.0,naive,NaiveForecaster()
O153,1970-03-12,1175.0,naive,NaiveForecaster()
O154,1970-03-05,9105.0,snaive,NaiveForecaster(sp=7)
O154,1970-03-06,9100.0,snaive,NaiveForecaster(sp=7)
O154,1970-03-07,9083.0,snaive,NaiveForecaster(sp=7)
O154,1970-03-08,9092.0,snaive,NaiveForecaster(sp=7)
O154,1970-03-09,9098.0,snaive,NaiveForecaster(sp=7)
O154,1970-03-10,9195.0,snaive,NaiveForecaster(sp=7)
O154,1970-03-11,9087.0,snaive,NaiveForecaster(sp=7)
O154,1970-03-12,9105.0,snaive,NaiveForecaster(sp=7)
O155,1970-03-05,10166.0,snaive,NaiveForecaster(sp=5)
O155,1970-03-06,10101.0,snaive,NaiveForecaster(sp=5)
O155,1970-03-07,10034.0,snaive,NaiveForecaster(sp=5)
O155,1970-03-08,9987.0,snaive,NaiveForecaster(sp=5)
O155,1970-03-09,9847.0,snaive,NaiveForecaster(sp=5)
O155,1970-03-10,10166.0,snaive,NaiveForecaster(sp=5)
O155,1970-03-11,10101.0,snaive,NaiveForecaster(sp=5)
O155,1970-03-12,10034.0,snaive,NaiveForecaster(sp=5)
O156,1970-03-05,6723.0,snaive,NaiveForecaster(sp=25)
O156,1970-03-06,6744.0,snaive,NaiveForecaster(sp=25)
O156,1970-03-07,6676.0,snaive,NaiveForecaster(sp=25)
O156,1970-03-08,6521.0,snaive,NaiveForecaster(sp=25)
O156,1970-03-09,6413.0,snaive,NaiveForecaster(sp=25)
O156,1970-03-10,6121.0,snaive,NaiveForecaster(sp=25)
O156,1970-03-11,6007.0,snaive,NaiveForecaster(sp=25)
O156,1970-03-12,5937.0,snaive,NaiveForecaster(sp=25)
O157,1970-03-05,2079.0,snaive,NaiveForecaster(sp=3)
O157,1970-03-06,2081.0,snaive,NaiveForecaster(sp=3)
O157,1970-03-07,2058.0,snaive,NaiveForecaster(sp=3)
O157,1970-03-08,2079.0,snaive,NaiveForecaster(sp=3)
O157,1970-03-09,2081.0,snaive,NaiveForecaster(sp=3)
O157,1970-03-10,2058.0,snaive,NaiveForecaster(sp=3)
O157,1970-03-11,2079.0,snaive,NaiveForecaster(sp=3)
O157,1970-03-12,2081.0,snaive,NaiveForecaster(sp=3)
O158,1970-03-05,1631.0,naive,NaiveForecaster()
O158,1970-03-06,1631.0,naive,NaiveForecaster()
O158,1970-03-07,1631.0,naive,NaiveForecaster()
O158,1970-03-08,1631.0,naive,NaiveForecaster()
O158,1970-03-09,1631.0,naive,NaiveForecaster()
O158,1970-03-10,1631.0,naive,NaiveForecaster()
O158,1970-03-11,1631.0,naive,NaiveForecaster()
O158,1970-03-12,1631.0,naive,NaiveForecaster()
O159,1970-03-05,1788.0,naive,NaiveForecaster()
O159,1970-03-06,1788.0,naive,NaiveForecaster()
O159,1970-03-07,1788.0,naive,NaiveForecaster()
O159,1970-03-08,1788.0,naive,NaiveForecaster()
O159,1970-03-09,1788.0,naive,NaiveForecaster()
O159,1970-03-10,1788.0,naive,NaiveForecaster()
O159,1970-03-11,1788.0,naive,NaiveForecaster()
O159,1970-03-12,1788.0,naive,NaiveForecaster()
O16,1970-04-05,8225.72,naive,NaiveForecaster()
O16,1970-04-06,8225.72,naive,NaiveForecaster()
O16,1970-04-07,8225.72,naive,NaiveForecaster()
O16,1970-04-08,8225.72,naive,NaiveForecaster()
O16,1970-04-09,8225.72,naive,NaiveForecaster()
O16,1970-04-10,8225.72,naive,NaiveForecaster()
O16,1970-04-11,8225.72,naive,NaiveForecaster()
O16,1970-04-12,8225.72,naive,NaiveForecaster()
O160,1970-03-05,2062.0,naive,NaiveForecaster()
O160,1970-03-06,2062.0,naive,NaiveForecaster()
O160,1970-03-07,2062.0,naive,NaiveForecaster()
O160,1970-03-08,2062.0,naive,NaiveForecaster()
O160,1970-03-09,2062.0,naive,NaiveForecaster()
O160,1970-03-10,2062.0,naive,NaiveForecaster()
O160,1970-03-11,2062.0,naive,NaiveForecaster()
O160,1970-03-12,2062.0,naive,NaiveForecaster()
O161,1970-03-05,28750.0,snaive,NaiveForecaster(sp=2)
O161,1970-03-06,29034.0,snaive,NaiveForecaster(sp=2)
O161,1970-03-07,28750.0,snaive,NaiveForecaster(sp=2)
O161,1970-03-08,29034.0,snaive,NaiveForecaster(sp=2)
O161,1970-03-09,28750.0,snaive,NaiveForecaster(sp=2)
O161,1970-03-10,29034.0,snaive,NaiveForecaster(sp=2)
O161,1970-03-11,28750.0,snaive,NaiveForecaster(sp=2)
O161,1970-03-12,29034.0,snaive,NaiveForecaster(sp=2)
O162,1970-03-05,7022.0,naive,NaiveForecaster()
O162,1970-03-06,7022.0,naive,NaiveForecaster()
O162,1970-03-07,7022.0,naive,NaiveForecaster()
O162,1970-03-08,7022.0,naive,NaiveForecaster()
O162,1970-03-09,7022.0,naive,NaiveForecaster()
O162,1970-03-10,7022.0,naive,NaiveForecaster()
O162,1970-03-11,7022.0,naive,NaiveForecaster()
O162,1970-03-12,7022.0,naive,NaiveForecaster()
O163,1970-03-05,16421.0,snaive,NaiveForecaster(sp=2)
O163,1970-03-06,16365.0,snaive,NaiveForecaster(sp=2)
O163,1970-03-07,16421.0,snaive,NaiveForecaster(sp=2)
O163,1970-03-08,16365.0,snaive,NaiveForecaster(sp=2)
O163,1970-03-09,16421.0,snaive,NaiveForecaster(sp=2)
O163,1970-03-10,16365.0,snaive,NaiveForecaster(sp=2)
O163,1970-03-11,16421.0,snaive,NaiveForecaster(sp=2)
O163,1970-03-12,16365.0,snaive,NaiveForecaster(sp=2)
O164,1970-03-05,5652.0,naive,NaiveForecaster()
O164,1970-03-06,5652.0,naive,NaiveForecaster()
O164,1970-03-07,5652.0,naive,NaiveForecaster()
O164,1970-03-08,5652.0,naive,NaiveForecaster()
O164,1970-03-09,5652.0,naive,NaiveForecaster()
O164,1970-03-10,5652.0,naive,NaiveForecaster()
O164,1970-03-11,5652.0,naive,NaiveForecaster()
O164,1970-03-12,5652.0,naive,NaiveForecaster()
O165,1970-03-05,2711.0,naive,NaiveForecaster()
O165,1970-03-06,2711.0,naive,NaiveForecaster()
O165,1970-03-07,2711.0,naive,NaiveForecaster()
O165,1970-03-08,2711.0,naive,NaiveForecaster()
O165,1970-03-09,2711.0,naive,NaiveForecaster()
O165,1970-03-10,2711.0,naive,NaiveForecaster()
O165,1970-03-11,2711.0,naive,NaiveForecaster()
O165,1970-03-12,2711.0,naive,NaiveForecaster()
O166,1970-03-05,5981.0,naive,NaiveForecaster()
O166,1970-03-06,5981.0,naive,NaiveForecaster()
O166,1970-03-07,5981.0,naive,NaiveForecaster()
O166,1970-03-08,5981.0,naive,NaiveForecaster()
O166,1970-03-09,5981.0,naive,NaiveForecaster()
O166,1970-03-10,5981.0,naive,NaiveForecaster()
O166,1970-03-11,5981.0,naive,NaiveForecaster()
O166,1970-03-12,5981.0,naive,NaiveForecaster()
O167,1970-03-05,3273.0,snaive,NaiveForecaster(sp=2)
O167,1970-03-06,3260.0,snaive,NaiveForecaster(sp=2)
O167,1970-03-07,3273.0,snaive,NaiveForecaster(sp=2)
O167,1970-03-08,3260.0,snaive,NaiveForecaster(sp=2)
O167,1970-03-09,3273.0,snaive,NaiveForecaster(sp=2)
O167,1970-03-10,3260.0,snaive,NaiveForecaster(sp=2)
O167,1970-03-11,3273.0,snaive,NaiveForecaster(sp=2)
O167,1970-03-12,3260.0,snaive,NaiveForecaster(sp=2)
O168,1970-03-05,2244.0,naive,NaiveForecaster()
O168,1970-03-06,2244.0,naive,NaiveForecaster()
O168,1970-03-07,2244.0,naive,NaiveForecaster()
O168,1970-03-08,2244.0,naive,NaiveForecaster()
O168,1970-03-09,2244.0,naive,NaiveForecaster()
O168,1970-03-10,2244.0,naive,NaiveForecaster()
O168,1970-03-11,2244.0,naive,NaiveForecaster()
O168,1970-03-12,2244.0,naive,NaiveForecaster()
O169,1970-03-05,2662.0,naive,NaiveForecaster()
O169,1970-03-06,2662.0,naive,NaiveForecaster()
O169,1970-03-07,2662.0,naive,NaiveForecaster()
O169,1970-03-08,2662.0,naive,NaiveForecaster()
O169,1970-03-09,2662.0,naive,NaiveForecaster()
O169,1970-03-10,2662.0,naive,NaiveForecaster()
O169,1970-03-11,2662.0,naive,NaiveForecaster()
O169,1970-03-12,2662.0,naive,NaiveForecaster()
O17,1970-04-07,4466.98,snaive,NaiveForecaster(sp=4)
O17,1970-04-08,4468.82,snaive,NaiveForecaster(sp=4)
O17,1970-04-09,4441.83,snaive,NaiveForecaster(sp=4)
O17,1970-04-10,4438.2,snaive,NaiveForecaster(sp=4)
O17,1970-04-11,4466.98,snaive,NaiveForecaster(sp=4)
O17,1970-04-12,4468.82,snaive,NaiveForecaster(sp=4)
O17,1970-04-13,4441.83,snaive,NaiveForecaster(sp=4)
O17,1970-04-14,4438.2,snaive,NaiveForecaster(sp=4)
O170,1970-03-05,1565.0,naive,NaiveForecaster()
O170,1970-03-06,1565.0,naive,NaiveForecaster()
O170,1970-03-07,1565.0,naive,NaiveForecaster()
O170,1970-03-08,1565.0,naive,NaiveForecaster()
O170,1970-03-09,1565.0,naive,NaiveForecaster()
O170,1970-03-10,1565.0,naive,NaiveForecaster()
O170,1970-03-11,1565.0,naive,NaiveForecaster()
O170,1970-03-12,1565.0,naive,NaiveForecaster()
O171,1970-03-05,1634.0,naive,NaiveForecaster()
O171,1970-03-06,1634.0,naive,NaiveForecaster()
O171,1970-03-07,1634.0,naive,NaiveForecaster()
O171,1970-03-08,1634.0,naive,NaiveForecaster()
O171,1970-03-09,1634.0,naive,NaiveForecaster()
O171,1970-03-10,1634.0,naive,NaiveForecaster()
O171,1970-03-11,1634.0,naive,NaiveForecaster()
O171,1970-03-12,1634.0,naive,NaiveForecaster()
O172,1970-03-05,8052.0,naive,NaiveForecaster()
O172,1970-03-06,8052.0,naive,NaiveForecaster()
O172,1970-03-07,8052.0,naive,NaiveForecaster()
O172,1970-03-08,8052.0,naive,NaiveForecaster()
O172,1970-03-09,8052.0,naive,NaiveForecaster()
O172,1970-03-10,8052.0,naive,NaiveForecaster()
O172,1970-03-11,8052.0,naive,NaiveForecaster()
O172,1970-03-12,8052.0,naive,NaiveForecaster()
O173,1970-03-05,11121.0,naive,NaiveForecaster()
O173,1970-03-06,11121.0,naive,NaiveForecaster()
O173,1970-03-07,11121.0,naive,NaiveForecaster()
O173,1970-03-08,11121.0,naive,NaiveForecaster()
O173,1970-03-09,11121.0,naive,NaiveForecaster()
O173,1970-03-10,11121.0,naive,NaiveForecaster()
O173,1970-03-11,11121.0,naive,NaiveForecaster()
O173,1970-03-12,11121.0,naive,NaiveForecaster()
O174,1970-03-05,3496.0,naive,NaiveForecaster()
O174,1970-03-06,3496.0,naive,NaiveForecaster()
O174,1970-03-07,3496.0,naive,NaiveForecaster()
O174,1970-03-08,3496.0,naive,NaiveForecaster()
O174,1970-03-09,3496.0,naive,NaiveForecaster()
O174,1970-03-10,3496.0,naive,NaiveForecaster()
O174,1970-03-11,3496.0,naive,NaiveForecaster()
O174,1970-03-12,3496.0,naive,NaiveForecaster()
O18,1970-04-06,3167.6,snaive,NaiveForecaster(sp=11)
O18,1970-04-07,3271.76,snaive,NaiveForecaster(sp=11)
O18,1970-04-08,3342.08,snaive,NaiveForecaster(sp=11)
O18,1970-04-09,3328.39,snaive,NaiveForecaster(sp=11)
O18,1970-04-10,3297.09,snaive,NaiveForecaster(sp=11)
O18,1970-04-11,3295.37,snaive,NaiveForecaster(sp=11)
O18,1970-04-12,3368.05,snaive,NaiveForecaster(sp=11)
O18,1970-04-13,3294.37,snaive,NaiveForecaster(sp=11)
O19,1970-04-07,6753.42,snaive,NaiveForecaster(sp=6)
O19,1970-04-08,6815.26,snaive,NaiveForecaster(sp=6)
O19,1970-04-09,6754.98,snaive,NaiveForecaster(sp=6)
O19,1970-04-10,6737.17,snaive,NaiveForecaster(sp=6)
O19,1970-04-11,6796.21,snaive,NaiveForecaster(sp=6)
O19,1970-04-12,6916.77,snaive,NaiveForecaster(sp=6)
O19,1970-04-13,6753.42,snaive,NaiveForecaster(sp=6)
O19,1970-04-14,6815.26,snaive,NaiveForecaster(sp=6)
O2,1970-04-07,4777.08,snaive,NaiveForecaster(sp=52)
O2,1970-04-08,5908.48,snaive,NaiveForecaster(sp=52)
O2,1970-04-09,5807.5,snaive,NaiveForecaster(sp=52)
O2,1970-04-10,5975.05,snaive,NaiveForecaster(sp=52)
O2,1970-04-11,6344.21,snaive,NaiveForecaster(sp=52)
O2,1970-04-12,5874.56,snaive,NaiveForecaster(sp=52)
O2,1970-04-13,5909.35,snaive,NaiveForecaster(sp=52)
O2,1970-04-14,5773.7,snaive,NaiveForecaster(sp=52)
O20,1970-04-06,6560.39,naive,NaiveForecaster()
O20,1970-04-07,6560.39,naive,NaiveForecaster()
O20,1970-04-08,6560.39,naive,NaiveForecaster()
O20,1970-04-09,6560.39,naive,NaiveForecaster()
O20,1970-04-10,6560.39,naive,NaiveForecaster()
O20,1970-04-11,6560.39,naive,NaiveForecaster()
O20,1970-04-12,6560.39,naive,NaiveForecaster()
O20,1970-04-13,6560.39,naive,NaiveForecaster()
O21,1970-04-07,7670.88,naive,NaiveForecaster()
O21,1970-04-08,7670.88,naive,NaiveForecaster()
O21,1970-04-09,7670.88,naive,NaiveForecaster()
O21,1970-04-10,7670.88,naive,NaiveForecaster()
O21,1970-04-11,7670.88,naive,NaiveForecaster()
O21,1970-04-12,7670.88,naive,NaiveForecaster()
O21,1970-04-13,7670.88,naive,NaiveForecaster()
O21,1970-04-14,7670.88,naive,NaiveForecaster()
O22,1970-04-07,6098.06,naive,NaiveForecaster()
O22,1970-04-08,6098.06,naive,NaiveForecaster()
O22,1970-04-09,6098.06,naive,NaiveForecaster()
O22,1970-04-10,6098.06,naive,NaiveForecaster()
O22,1970-04-11,6098.06,naive,NaiveForecaster()
O22,1970-04-12,6098.06,naive,NaiveForecaster()
O22,1970-04-13,6098.06,naive,NaiveForecaster()
O22,1970-04-14,6098.06,naive,NaiveForecaster()
O23,1970-03-13,6393.38,naive,NaiveForecaster()
O23,1970-03-14,6393.38,naive,NaiveForecaster()
O23,1970-03-15,6393.38,naive,NaiveForecaster()
O23,1970-03-16,6393.38,naive,NaiveForecaster()
O23,1970-03-17,6393.38,naive,NaiveForecaster()
O23,1970-03-18,6393.38,naive,NaiveForecaster()
O23,1970-03-19,6393.38,naive,NaiveForecaster()
O23,1970-03-20,6393.38,naive,NaiveForecaster()
O24,1970-03-12,6742.7,naive,NaiveForecaster()
O24,1970-03-13,6742.7,naive,NaiveForecaster()
O24,1970-03-14,6742.7,naive,NaiveForecaster()
O24,1970-03-15,6742.7,naive,NaiveForecaster()
O24,1970-03-16,6742.7,naive,NaiveForecaster()
O24,1970-03-17,6742.7,naive,NaiveForecaster()
O24,1970-03-18,6742.7,naive,NaiveForecaster()
O24,1970-03-19,6742.7,naive,NaiveForecaster()
O25,1970-03-11,5549.81,naive,NaiveForecaster()
O25,1970-03-12,5549.81,naive,NaiveForecaster()
O25,1970-03-13,5549.81,naive,NaiveForecaster()
O25,1970-03-14,5549.81,naive,NaiveForecaster()
O25,1970-03-15,5549.81,naive,NaiveForecaster()
O25,1970-03-16,5549.81,naive,NaiveForecaster()
O25,1970-03-17,5549.81,naive,NaiveForecaster()
O25,1970-03-18,5549.81,naive,NaiveForecaster()
O26,1970-03-12,6302.99,naive,NaiveForecaster()
O26,1970-03-13,6302.99,naive,NaiveForecaster()
O26,1970-03-14,6302.99,naive,NaiveForecaster()
O26,1970-03-15,6302.99,naive,NaiveForecaster()
O26,1970-03-16,6302.99,naive,NaiveForecaster()
O26,1970-03-17,6302.99,naive,NaiveForecaster()
O26,1970-03-18,6302.99,naive,NaiveForecaster()
O26,1970-03-19,6302.99,naive,NaiveForecaster()
O27,1970-03-26,5531.98,snaive,NaiveForecaster(sp=7)
O27,1970-03-27,5474.16,snaive,NaiveForecaster(sp=7)
O27,1970-03-28,5520.64,snaive,NaiveForecaster(sp=7)
O27,1970-03-29,5416.29,snaive,NaiveForecaster(sp=7)
O27,1970-03-30,5184.13,snaive,NaiveForecaster(sp=7)
O27,1970-03-31,5030.67,snaive,NaiveForecaster(sp=7)
O27,1970-04-01,5033.39,snaive,NaiveForecaster(sp=7)
O27,1970-04-02,5531.98,snaive,NaiveForecaster(sp=7)
O28,1970-03-25,6393.23,naive,NaiveForecaster()
O28,1970-03-26,6393.23,naive,NaiveForecaster()
O28,1970-03-27,6393.23,naive,NaiveForecaster()
O28,1970-03-28,6393.23,naive,NaiveForecaster()
O28,1970-03-29,6393.23,naive,NaiveForecaster()
O28,1970-03-30,6393.23,naive,NaiveForecaster()
O28,1970-03-31,6393.23,naive,NaiveForecaster()
O28,1970-04-01,6393.23,naive,NaiveForecaster()
O29,1970-03-24,7992.28,naive,NaiveForecaster()
O29,1970-03-25,7992.28,naive,NaiveForecaster()
O29,1970-03-26,7992.28,naive,NaiveForecaster()
O29,1970-03-27,7992.28,naive,NaiveForecaster()
O29,1970-03-28,7992.28,naive,NaiveForecaster()
O29,1970-03-29,7992.28,naive,NaiveForecaster()
O29,1970-03-30,7992.28,naive,NaiveForecaster()
O29,1970-03-31,7992.28,naive,NaiveForecaster()
O3,1970-04-07,8233.25,snaive,NaiveForecaster(sp=2)
O3,1970-04-08,8104.0,snaive,NaiveForecaster(sp=2)
O3,1970-04-09,8233.25,snaive,NaiveForecaster(sp=2)
O3,1970-04-10,8104.0,snaive,NaiveForecaster(sp=2)
O3,1970-04-11,8233.25,snaive,NaiveForecaster(sp=2)
O3,1970-04-12,8104.0,snaive,NaiveForecaster(sp=2)
O3,1970-04-13,8233.25,snaive,NaiveForecaster(sp=2)
O3,1970-04-14,8104.0,snaive,NaiveForecaster(sp=2)
O30,1970-03-13,5652.92,naive,NaiveForecaster()
O30,1970-03-14,5652.92,naive,NaiveForecaster()
O30,1970-03-15,5652.92,naive,NaiveForecaster()
O30,1970-03-16,5652.92,naive,NaiveForecaster()
O30,1970-03-17,5652.92,naive,NaiveForecaster()
O30,1970-03-18,5652.92,naive,NaiveForecaster()
O30,1970-03-19,5652.92,naive,NaiveForecaster()
O30,1970-03-20,5652.92,naive,NaiveForecaster()
O31,1970-03-12,6551.11,naive,NaiveForecaster()
O31,1970-03-13,6551.11,naive,NaiveForecaster()
O31,1970-03-14,6551.11,naive,NaiveForecaster()
O31,1970-03-15,6551.11,naive,NaiveForecaster()
O31,1970-03-16,6551.11,naive,NaiveForecaster()
O31,1970-03-17,6551.11,naive,NaiveForecaster()
O31,1970-03-18,6551.11,naive,NaiveForecaster()
O31,1970-03-19,6551.11,naive,NaiveForecaster()
O32,1970-03-12,6769.61,naive,NaiveForecaster()
O32,1970-03-13,6769.61,naive,NaiveForecaster()
O32,1970-03-14,6769.61,naive,NaiveForecaster()
O32,1970-03-15,6769.61,naive,NaiveForecaster()
O32,1970-03-16,6769.61,naive,NaiveForecaster()
O32,1970-03-17,6769.61,naive,NaiveForecaster()
O32,1970-03-18,6769.61,naive,NaiveForecaster()
O32,1970-03-19,6769.61,naive,NaiveForecaster()
O33,1970-03-07,8122.64,snaive,NaiveForecaster(sp=20)
O33,1970-03-08,8138.99,snaive,NaiveForecaster(sp=20)
O33,1970-03-09,8106.93,snaive,NaiveForecaster(sp=20)
O33,1970-03-10,7905.42,snaive,NaiveForecaster(sp=20)
O33,1970-03-11,7983.35,snaive,NaiveForecaster(sp=20)
O33,1970-03-12,8046.41,snaive,NaiveForecaster(sp=20)
O33,1970-03-13,7984.41,snaive,NaiveForecaster(sp=20)
O33,1970-03-14,7973.79,snaive,NaiveForecaster(sp=20)
O34,1970-03-13,4155.0,snaive,NaiveForecaster(sp=7)
O34,1970-03-14,3790.0,snaive,NaiveForecaster(sp=7)
O34,1970-03-15,4295.0,snaive,NaiveForecaster(sp=7)
O34,1970-03-16,5040.0,snaive,NaiveForecaster(sp=7)
O34,1970-03-17,5005.0,snaive,NaiveForecaster(sp=7)
O34,1970-03-18,4665.0,snaive,NaiveForecaster(sp=7)
O34,1970-03-19,4490.0,snaive,NaiveForecaster(sp=7)
O34,1970-03-20,4155.0,snaive,NaiveForecaster(sp=7)
O35,1970-03-13,5880.0,snaive,NaiveForecaster(sp=7)
O35,1970-03-14,5830.0,snaive,NaiveForecaster(sp=7)
O35,1970-03-15,6015.0,snaive,NaiveForecaster(sp=7)
O35,1970-03-16,6455.0,snaive,NaiveForecaster(sp=7)
O35,1970-03-17,6295.0,snaive,NaiveForecaster(sp=7)
O35,1970-03-18,6115.0,snaive,NaiveForecaster(sp=7)
O35,1970-03-19,5785.0,snaive,NaiveForecaster(sp=7)
O35,1970-03-20,5880.0,snaive,NaiveForecaster(sp=7)
O36,1970-03-13,2870.0,snaive,NaiveForecaster(sp=7)
O36,1970-03-14,3095.0,snaive,NaiveForecaster(sp=7)
O36,1970-03-15,3015.0,snaive,NaiveForecaster(sp=7)
O36,1970-03-16,2870.0,snaive,NaiveForecaster(sp=7)
O36,1970-03-17,3320.0,snaive,NaiveForecaster(sp=7)
O36,1970-03-18,3880.0,snaive,NaiveForecaster(sp=7)
O36,1970-03-19,3690.0,snaive,NaiveForecaster(sp=7)
O36,1970-03-20,2870.0,snaive,NaiveForecaster(sp=7)
O37,1970-03-13,6250.0,naive,NaiveForecaster()
O37,1970-03-14,6250.0,naive,NaiveForecaster()
O37,1970-03-15,6250.0,naive,NaiveForecaster()
O37,1970-03-16,6250.0,naive,NaiveForecaster()
O37,1970-03-17,6250.0,naive,NaiveForecaster()
O37,1970-03-18,6250.0,naive,NaiveForecaster()
O37,1970-03-19,6250.0,naive,NaiveForecaster()
O37,1970-03-20,6250.0,naive,NaiveForecaster()
O38,1970-03-13,4200.0,naive,NaiveForecaster()
O38,1970-03-14,4200.0,naive,NaiveForecaster()
O38,1970-03-15,4200.0,naive,NaiveForecaster()
O38,1970-03-16,4200.0,naive,NaiveForecaster()
O38,1970-03-17,4200.0,naive,NaiveForecaster()
O38,1970-03-18,4200.0,naive,NaiveForecaster()
O38,1970-03-19,4200.0,naive,NaiveForecaster()
O38,1970-03-20,4200.0,naive,NaiveForecaster()
O39,1970-03-13,6030.0,snaive,NaiveForecaster(sp=7)
O39,1970-03-14,5430.0,snaive,NaiveForecaster(sp=7)
O39,1970-03-15,4910.0,snaive,NaiveForecaster(sp=7)
O39,1970-03-16,5050.0,snaive,NaiveForecaster(sp=7)
O39,1970-03-17,6035.0,snaive,NaiveForecaster(sp=7)
O39,1970-03-18,6105.0,snaive,NaiveForecaster(sp=7)
O39,1970-03-19,4830.0,snaive,NaiveForecaster(sp=7)
O39,1970-03-20,6030.0,snaive,NaiveForecaster(sp=7)
O4,1970-04-07,11781.25,snaive,NaiveForecaster(sp=2)
O4,1970-04-08,8960.0,snaive,NaiveForecaster(sp=2)
O4,1970-04-09,11781.25,snaive,NaiveForecaster(sp=2)
O4,1970-04-10,8960.0,snaive,NaiveForecaster(sp=2)
O4,1970-04-11,11781.25,snaive,NaiveForecaster(sp=2)
O4,1970-04-12,8960.0,snaive,NaiveForecaster(sp=2)
O4,1970-04-13,11781.25,snaive,NaiveForecaster(sp=2)
O4,1970-04-14,8960.0,snaive,NaiveForecaster(sp=2)
O40,1970-03-13,4100.0,snaive,NaiveForecaster(sp=7)
O40,1970-03-14,4490.0,snaive,NaiveForecaster(sp=7)
O40,1970-03-15,5750.0,snaive,NaiveForecaster(sp=7)
O40,1970-03-16,5685.0,snaive,NaiveForecaster(sp=7)
O40,1970-03-17,5385.0,snaive,NaiveForecaster(sp=7)
O40,1970-03-18,5250.0,snaive,NaiveForecaster(sp=7)
O40,1970-03-19,5140.0,snaive,NaiveForecaster(sp=7)
O40,1970-03-20,4100.0,snaive,NaiveForecaster(sp=7)
O41,1970-03-13,2865.0,snaive,NaiveForecaster(sp=14)
O41,1970-03-14,3310.0,snaive,NaiveForecaster(sp=14)
O41,1970-03-15,3375.0,snaive,NaiveForecaster(sp=14)
O41,1970-03-16,3080.0,snaive,NaiveForecaster(sp=14)
O41,1970-03-17,3145.0,snaive,NaiveForecaster(sp=14)
O41,1970-03-18,2975.0,snaive,NaiveForecaster(sp=14)
O41,1970-03-19,2545.0,snaive,NaiveForecaster(sp=14)
O41,1970-03-20,2450.0,snaive,NaiveForecaster(sp=14)
O42,1970-03-13,3500.0,snaive,NaiveForecaster(sp=2)
O42,1970-03-14,4125.0,snaive,NaiveForecaster(sp=2)
O42,1970-03-15,3500.0,snaive,NaiveForecaster(sp=2)
O42,1970-03-16,4125.0,snaive,NaiveForecaster(sp=2)
O42,1970-03-17,3500.0,snaive,NaiveForecaster(sp=2)
O42,1970-03-18,4125.0,snaive,NaiveForecaster(sp=2)
O42,1970-03-19,3500.0,snaive,NaiveForecaster(sp=2)
O42,1970-03-20,4125.0,snaive,NaiveForecaster(sp=2)
O43,1970-03-13,3590.0,snaive,NaiveForecaster(sp=2)
O43,1970-03-14,3590.0,snaive,NaiveForecaster(sp=2)
O43,1970-03-15,3590.0,snaive,NaiveForecaster(sp=2)
O43,1970-03-16,3590.0,snaive,NaiveForecaster(sp=2)
O43,1970-03-17,3590.0,snaive,NaiveForecaster(sp=2)
O43,1970-03-18,3590.0,snaive,NaiveForecaster(sp=2)
O43,1970-03-19,3590.0,snaive,NaiveForecaster(sp=2)
O43,1970-03-20,3590.0,snaive,NaiveForecaster(sp=2)
O44,1970-03-13,4470.0,snaive,NaiveForecaster(sp=7)
O44,1970-03-14,4130.0,snaive,NaiveForecaster(sp=7)
O44,1970-03-15,3430.0,snaive,NaiveForecaster(sp=7)
O44,1970-03-16,3260.0,snaive,NaiveForecaster(sp=7)
O44,1970-03-17,3760.0,snaive,NaiveForecaster(sp=7)
O44,1970-03-18,4005.0,snaive,NaiveForecaster(sp=7)
O44,1970-03-19,4265.0,snaive,NaiveForecaster(sp=7)
O44,1970-03-20,4470.0,snaive,NaiveForecaster(sp=7)
O45,1970-03-13,4945.0,snaive,NaiveForecaster(sp=15)
O45,1970-03-14,4300.0,snaive,NaiveForecaster(sp=15)
O45,1970-03-15,3825.0,snaive,NaiveForecaster(sp=15)
O45,1970-03-16,4425.0,snaive,NaiveForecaster(sp=15)
O45,1970-03-17,4980.0,snaive,NaiveForecaster(sp=15)
O45,1970-03-18,5680.0,snaive,NaiveForecaster(sp=15)
O45,1970-03-19,5670.0,snaive,NaiveForecaster(sp=15)
O45,1970-03-20,5565.0,snaive,NaiveForecaster(sp=15)
O46,1970-03-13,4410.0,snaive,NaiveForecaster(sp=14)
O46,1970-03-14,4290.0,snaive,NaiveForecaster(sp=14)
O46,1970-03-15,4170.0,snaive,NaiveForecaster(sp=14)
O46,1970-03-16,3335.0,snaive,NaiveForecaster(sp=14)
O46,1970-03-17,3150.0,snaive,NaiveForecaster(sp=14)
O46,1970-03-18,3440.0,snaive,NaiveForecaster(sp=14)
O46,1970-03-19,3545.0,snaive,NaiveForecaster(sp=14)
O46,1970-03-20,3825.0,snaive,NaiveForecaster(sp=14)
O47,1970-03-10,2207.93,snaive,NaiveForecaster(sp=2)
O47,1970-03-11,2206.02,snaive,NaiveForecaster(sp=2)
O47,1970-03-12,2207.93,snaive,NaiveForecaster(sp=2)
O47,1970-03-13,2206.02,snaive,NaiveForecaster(sp=2)
O47,1970-03-14,2207.93,snaive,NaiveForecaster(sp=2)
O47,1970-03-15,2206.02,snaive,NaiveForecaster(sp=2)
O47,1970-03-16,2207.93,snaive,NaiveForecaster(sp=2)
O47,1970-03-17,2206.02,snaive,NaiveForecaster(sp=2)
O48,1970-03-10,2230.29,snaive,NaiveForecaster(sp=2)
O48,1970-03-11,2288.87,snaive,NaiveForecaster(sp=2)
O48,1970-03-12,2230.29,snaive,NaiveForecaster(sp=2)
O48,1970-03-13,2288.87,snaive,NaiveForecaster(sp=2)
O48,1970-03-14,2230.29,snaive,NaiveForecaster(sp=2)
O48,1970-03-15,2288.87,snaive,NaiveForecaster(sp=2)
O48,1970-03-16,2230.29,snaive,NaiveForecaster(sp=2)
O48,1970-03-17,2288.87,snaive,NaiveForecaster(sp=2)
O49,1970-03-10,2131.89,snaive,NaiveForecaster(sp=2)
O49,1970-03-11,2132.5,snaive,NaiveForecaster(sp=2)
O49,1970-03-12,2131.89,snaive,NaiveForecaster(sp=2)
O49,1970-03-13,2132.5,snaive,NaiveForecaster(sp=2)
O49,1970-03-14,2131.89,snaive,NaiveForecaster(sp=2)
O49,1970-03-15,2132.5,snaive,NaiveForecaster(sp=2)
O49,1970-03-16,2131.89,snaive,NaiveForecaster(sp=2)
O49,1970-03-17,2132.5,snaive,NaiveForecaster(sp=2)
O5,1970-04-07,5284.89,snaive,NaiveForecaster(sp=2)
O5,1970-04-08,5308.77,snaive,NaiveForecaster(sp=2)
O5,1970-04-09,5284.89,snaive,NaiveForecaster(sp=2)
O5,1970-04-10,5308.77,snaive,NaiveForecaster(sp=2)
O5,1970-04-11,5284.89,snaive,NaiveForecaster(sp=2)
O5,1970-04-12,5308.77,snaive,NaiveForecaster(sp=2)
O5,1970-04-13,5284.89,snaive,NaiveForecaster(sp=2)
O5,1970-04-14,5308.77,snaive,NaiveForecaster(sp=2)
O50,1970-03-10,2122.01,naive,NaiveForecaster()
O50,1970-03-11,2122.01,naive,NaiveForecaster()
O50,1970-03-12,2122.01,naive,NaiveForecaster()
O50,1970-03-13,2122.01,naive,NaiveForecaster()
O50,1970-03-14,2122.01,naive,NaiveForecaster()
O50,1970-03-15,2122.01,naive,NaiveForecaster()
O50,1970-03-16,2122.01,naive,NaiveForecaster()
O50,1970-03-17,2122.01,naive,NaiveForecaster()
O51,1970-03-10,2164.13,naive,NaiveForecaster()
O51,1970-03-11,2164.13,naive,NaiveForecaster()
O51,1970-03-12,2164.13,naive,NaiveForecaster()
O51,1970-03-13,2164.13,naive,NaiveForecaster()
O51,1970-03-14,2164.13,naive,NaiveForecaster()
O51,1970-03-15,2164.13,naive,NaiveForecaster()
O51,1970-03-16,2164.13,naive,NaiveForecaster()
O51,1970-03-17,2164.13,naive,NaiveForecaster()
O52,1970-03-10,2134.41,snaive,NaiveForecaster(sp=2)
O52,1970-03-11,2247.95,snaive,NaiveForecaster(sp=2)
O52,1970-03-12,2134.41,snaive,NaiveForecaster(sp=2)
O52,1970-03-13,2247.95,snaive,NaiveForecaster(sp=2)
O52,1970-03-14,2134.41,snaive,NaiveForecaster(sp=2)
O52,1970-03-15,2247.95,snaive,NaiveForecaster(sp=2)
O52,1970-03-16,2134.41,snaive,NaiveForecaster(sp=2)
O52,1970-03-17,2247.95,snaive,NaiveForecaster(sp=2)
O53,1970-03-10,2111.34,naive,NaiveForecaster()
O53,1970-03-11,2111.34,naive,NaiveForecaster()
O53,1970-03-12,2111.34,naive,NaiveForecaster()
O53,1970-03-13,2111.34,naive,NaiveForecaster()
O53,1970-03-14,2111.34,naive,NaiveForecaster()
O53,1970-03-15,2111.34,naive,NaiveForecaster()
O53,1970-03-16,2111.34,naive,NaiveForecaster()
O53,1970-03-17,2111.34,naive,NaiveForecaster()
O54,1970-03-10,2112.9,naive,NaiveForecaster()
O54,1970-03-11,2112.9,naive,NaiveForecaster()
O54,1970-03-12,2112.9,naive,NaiveForecaster()
O54,1970-03-13,2112.9,naive,NaiveForecaster()
O54,1970-03-14,2112.9,naive,NaiveForecaster()
O54,1970-03-15,2112.9,naive,NaiveForecaster()
O54,1970-03-16,2112.9,naive,NaiveForecaster()
O54,1970-03-17,2112.9,naive,NaiveForecaster()
O55,1970-03-05,3144.0,naive,NaiveForecaster()
O55,1970-03-06,3144.0,naive,NaiveForecaster()
O55,1970-03-07,3144.0,naive,NaiveForecaster()
O55,1970-03-08,3144.0,naive,NaiveForecaster()
O55,1970-03-09,3144.0,naive,NaiveForecaster()
O55,1970-03-10,3144.0,naive,NaiveForecaster()
O55,1970-03-11,3144.0,naive,NaiveForecaster()
O55,1970-03-12,3144.0,naive,NaiveForecaster()
O56,1970-03-05,5214.0,snaive,NaiveForecaster(sp=3)
O56,1970-03-06,5198.0,snaive,NaiveForecaster(sp=3)
O56,1970-03-07,5217.0,snaive,NaiveForecaster(sp=3)
O56,1970-03-08,5214.0,snaive,NaiveForecaster(sp=3)
O56,1970-03-09,5198.0,snaive,NaiveForecaster(sp=3)
O56,1970-03-10,5217.0,snaive,NaiveForecaster(sp=3)
O56,1970-03-11,5214.0,snaive,NaiveForecaster(sp=3)
O56,1970-03-12,5198.0,snaive,NaiveForecaster(sp=3)
O57,1970-03-05,7963.0,snaive,NaiveForecaster(sp=4)
O57,1970-03-06,7929.0,snaive,NaiveForecaster(sp=4)
O57,1970-03-07,7856.0,snaive,NaiveForecaster(sp=4)
O57,1970-03-08,7820.0,snaive,NaiveForecaster(sp=4)
O57,1970-03-09,7963.0,snaive,NaiveForecaster(sp=4)
O57,1970-03-10,7929.0,snaive,NaiveForecaster(sp=4)
O57,1970-03-11,7856.0,snaive,NaiveForecaster(sp=4)
O57,1970-03-12,7820.0,snaive,NaiveForecaster(sp=4)
O58,1970-03-05,4853.0,naive,NaiveForecaster()
O58,1970-03-06,4853.0,naive,NaiveForecaster()
O58,1970-03-07,4853.0,naive,NaiveForecaster()
O58,1970-03-08,4853.0,naive,NaiveForecaster()
O58,1970-03-09,4853.0,naive,NaiveForecaster()
O58,1970-03-10,4853.0,naive,NaiveForecaster()
O58,1970-03-11,4853.0,naive,NaiveForecaster()
O58,1970-03-12,4853.0,naive,NaiveForecaster()
O59,1970-03-05,2307.0,naive,NaiveForecaster()
O59,1970-03-06,2307.0,naive,NaiveForecaster()
O59,1970-03-07,2307.0,naive,NaiveForecaster()
O59,1970-03-08,2307.0,naive,NaiveForecaster()
O59,1970-03-09,2307.0,naive,NaiveForecaster()
O59,1970-03-10,2307.0,naive,NaiveForecaster()
O59,1970-03-11,2307.0,naive,NaiveForecaster()
O59,1970-03-12,2307.0,naive,NaiveForecaster()
O6,1970-04-06,4354.94,naive,NaiveForecaster()
O6,1970-04-07,4354.94,naive,NaiveForecaster()
O6,1970-04-08,4354.94,naive,NaiveForecaster()
O6,1970-04-09,4354.94,naive,NaiveForecaster()
O6,1970-04-10,4354.94,naive,NaiveForecaster()
O6,1970-04-11,4354.94,naive,NaiveForecaster()
O6,1970-04-12,4354.94,naive,NaiveForecaster()
O6,1970-04-13,4354.94,naive,NaiveForecaster()
O60,1970-03-05,2981.0,naive,NaiveForecaster()
O60,1970-03-06,2981.0,naive,NaiveForecaster()
O60,1970-03-07,2981.0,naive,NaiveForecaster()
O60,1970-03-08,2981.0,naive,NaiveForecaster()
O60,1970-03-09,2981.0,naive,NaiveForecaster()
O60,1970-03-10,2981.0,naive,NaiveForecaster()
O60,1970-03-11,2981.0,naive,NaiveForecaster()
O60,1970-03-12,2981.0,naive,NaiveForecaster()
O61,1970-03-05,1236.0,naive,NaiveForecaster()
O61,1970-03-06,1236.0,naive,NaiveForecaster()
O61,1970-03-07,1236.0,naive,NaiveForecaster()
O61,1970-03-08,1236.0,naive,NaiveForecaster()
O61,1970-03-09,1236.0,naive,NaiveForecaster()
O61,1970-03-10,1236.0,naive,NaiveForecaster()
O61,1970-03-11,1236.0,naive,NaiveForecaster()
O61,1970-03-12,1236.0,naive,NaiveForecaster()
O62,1970-03-05,3920.0,naive,NaiveForecaster()
O62,1970-03-06,3920.0,naive,NaiveForecaster()
O62,1970-03-07,3920.0,naive,NaiveForecaster()
O62,1970-03-08,3920.0,naive,NaiveForecaster()
O62,1970-03-09,3920.0,naive,NaiveForecaster()
O62,1970-03-10,3920.0,naive,NaiveForecaster()
O62,1970-03-11,3920.0,naive,NaiveForecaster()
O62,1970-03-12,3920.0,naive,NaiveForecaster()
O63,1970-03-05,6690.0,naive,NaiveForecaster()
O63,1970-03-06,6690.0,naive,NaiveForecaster()
O63,1970-03-07,6690.0,naive,NaiveForecaster()
O63,1970-03-08,6690.0,naive,NaiveForecaster()
O63,1970-03-09,6690.0,naive,NaiveForecaster()
O63,1970-03-10,6690.0,naive,NaiveForecaster()
O63,1970-03-11,6690.0,naive,NaiveForecaster()
O63,1970-03-12,6690.0,naive,NaiveForecaster()
O64,1970-03-05,2514.0,naive,NaiveForecaster()
O64,1970-03-06,2514.0,naive,NaiveForecaster()
O64,1970-03-07,2514.0,naive,NaiveForecaster()
O64,1970-03-08,2514.0,naive,NaiveForecaster()
O64,1970-03-09,2514.0,naive,NaiveForecaster()
O64,1970-03-10,2514.0,naive,NaiveForecaster()
O64,1970-03-11,2514.0,naive,NaiveForecaster()
O64,1970-03-12,2514.0,naive,NaiveForecaster()
O65,1970-03-05,1319.0,naive,NaiveForecaster()
O65,1970-03-06,1319.0,naive,NaiveForecaster()
O65,1970-03-07,1319.0,naive,NaiveForecaster()
O65,1970-03-08,1319.0,naive,NaiveForecaster()
O65,1970-03-09,1319.0,naive,NaiveForecaster()
O65,1970-03-10,1319.0,naive,NaiveForecaster()
O65,1970-03-11,1319.0,naive,NaiveForecaster()
O65,1970-03-12,1319.0,naive,NaiveForecaster()
O66,1970-03-05,3859.0,naive,NaiveForecaster()
O66,1970-03-06,3859.0,naive,NaiveForecaster()
O66,1970-03-07,3859.0,naive,NaiveForecaster()
O66,1970-03-08,3859.0,naive,NaiveForecaster()
O66,1970-03-09,3859.0,naive,NaiveForecaster()
O66,1970-03-10,3859.0,naive,NaiveForecaster()
O66,1970-03-11,3859.0,naive,NaiveForecaster()
O66,1970-03-12,3859.0,naive,NaiveForecaster()
O67,1970-03-05,11150.0,naive,NaiveForecaster()
O67,1970-03-06,11150.0,naive,NaiveForecaster()
O67,1970-03-07,11150.0,naive,NaiveForecaster()
O67,1970-03-08,11150.0,naive,NaiveForecaster()
O67,1970-03-09,11150.0,naive,NaiveForecaster()
O67,1970-03-10,11150.0,naive,NaiveForecaster()
O67,1970-03-11,11150.0,naive,NaiveForecaster()
O67,1970-03-12,11150.0,naive,NaiveForecaster()
O68,1970-03-05,7637.0,snaive,NaiveForecaster(sp=22)
O68,1970-03-06,7605.0,snaive,NaiveForecaster(sp=22)
O68,1970-03-07,7666.0,snaive,NaiveForecaster(sp=22)
O68,1970-03-08,7603.0,snaive,NaiveForecaster(sp=22)
O68,1970-03-09,7502.0,snaive,NaiveForecaster(sp=22)
O68,1970-03-10,7410.0,snaive,NaiveForecaster(sp=22)
O68,1970-03-11,7499.0,snaive,NaiveForecaster(sp=22)
O68,1970-03-12,8106.0,snaive,NaiveForecaster(sp=22)
O69,1970-03-05,8941.0,snaive,NaiveForecaster(sp=2)
O69,1970-03-06,8840.0,snaive,NaiveForecaster(sp=2)
O69,1970-03-07,8941.0,snaive,NaiveForecaster(sp=2)
O69,1970-03-08,8840.0,snaive,NaiveForecaster(sp=2)
O69,1970-03-09,8941.0,snaive,NaiveForecaster(sp=2)
O69,1970-03-10,8840.0,snaive,NaiveForecaster(sp=2)
O69,1970-03-11,8941.0,snaive,NaiveForecaster(sp=2)
O69,1970-03-12,8840.0,snaive,NaiveForecaster(sp=2)
O7,1970-04-07,5313.73,naive,NaiveForecaster()
O7,1970-04-08,5313.73,naive,NaiveForecaster()
O7,1970-04-09,5313.73,naive,NaiveForecaster()
O7,1970-04-10,5313.73,naive,NaiveForecaster()
O7,1970-04-11,5313.73,naive,NaiveForecaster()
O7,1970-04-12,5313.73,naive,NaiveForecaster()
O7,1970-04-13,5313.73,naive,NaiveForecaster()
O7,1970-04-14,5313.73,naive,NaiveForecaster()
O70,1970-03-05,2447.0,naive,NaiveForecaster()
O70,1970-03-06,2447.0,naive,NaiveForecaster()
O70,1970-03-07,2447.0,naive,NaiveForecaster()
O70,1970-03-08,2447.0,naive,NaiveForecaster()
O70,1970-03-09,2447.0,naive,NaiveForecaster()
O70,1970-03-10,2447.0,naive,NaiveForecaster()
O70,1970-03-11,2447.0,naive,NaiveForecaster()
O70,1970-03-12,2447.0,naive,NaiveForecaster()
O71,1970-03-05,4427.0,naive,NaiveForecaster()
O71,1970-03-06,4427.0,naive,NaiveForecaster()
O71,1970-03-07,4427.0,naive,NaiveForecaster()
O71,1970-03-08,4427.0,naive,NaiveForecaster()
O71,1970-03-09,4427.0,naive,NaiveForecaster()
O71,1970-03-10,4427.0,naive,NaiveForecaster()
O71,1970-03-11,4427.0,naive,NaiveForecaster()
O71,1970-03-12,4427.0,naive,NaiveForecaster()
O72,1970-03-05,2040.0,snaive,NaiveForecaster(sp=12)
O72,1970-03-06,2015.0,snaive,NaiveForecaster(sp=12)
O72,1970-03-07,1988.0,snaive,NaiveForecaster(sp=12)
O72,1970-03-08,1916.0,snaive,NaiveForecaster(sp=12)
O72,1970-03-09,1858.0,snaive,NaiveForecaster(sp=12)
O72,1970-03-10,1822.0,snaive,NaiveForecaster(sp=12)
O72,1970-03-11,1795.0,snaive,NaiveForecaster(sp=12)
O72,1970-03-12,1787.0,snaive,NaiveForecaster(sp=12)
O73,1970-03-05,2983.0,naive,NaiveForecaster()
O73,1970-03-06,2983.0,naive,NaiveForecaster()
O73,1970-03-07,2983.0,naive,NaiveForecaster()
O73,1970-03-08,2983.0,naive,NaiveForecaster()
O73,1970-03-09,2983.0,naive,NaiveForecaster()
O73,1970-03-10,2983.0,naive,NaiveForecaster()
O73,1970-03-11,2983.0,naive,NaiveForecaster()
O73,1970-03-12,2983.0,naive,NaiveForecaster()
O74,1970-03-05,5116.0,naive,NaiveForecaster()
O74,1970-03-06,5116.0,naive,NaiveForecaster()
O74,1970-03-07,5116.0,naive,NaiveForecaster()
O74,1970-03-08,5116.0,naive,NaiveForecaster()
O74,1970-03-09,5116.0,naive,NaiveForecaster()
O74,1970-03-10,5116.0,naive,NaiveForecaster()
O74,1970-03-11,5116.0,naive,NaiveForecaster()
O74,1970-03-12,5116.0,naive,NaiveForecaster()
O75,1970-03-05,3381.0,naive,NaiveForecaster()
O75,1970-03-06,3381.0,naive,NaiveForecaster()
O75,1970-03-07,3381.0,naive,NaiveForecaster()
O75,1970-03-08,3381.0,naive,NaiveForecaster()
O75,1970-03-09,3381.0,naive,NaiveForecaster()
O75,1970-03-10,3381.0,naive,NaiveForecaster()
O75,1970-03-11,3381.0,naive,NaiveForecaster()
O75,1970-03-12,3381.0,naive,NaiveForecaster()
O76,1970-03-05,1674.0,naive,NaiveForecaster()
O76,1970-03-06,1674.0,naive,NaiveForecaster()
O76,1970-03-07,1674.0,naive,NaiveForecaster()
O76,1970-03-08,1674.0,naive,NaiveForecaster()
O76,1970-03-09,1674.0,naive,NaiveForecaster()
O76,1970-03-10,1674.0,naive,NaiveForecaster()
O76,1970-03-11,1674.0,naive,NaiveForecaster()
O76,1970-03-12,1674.0,naive,NaiveForecaster()
O77,1970-03-05,4886.0,naive,NaiveForecaster()
O77,1970-03-06,4886.0,naive,NaiveForecaster()
O77,1970-03-07,4886.0,naive,NaiveForecaster()
O77,1970-03-08,4886.0,naive,NaiveForecaster()
O77,1970-03-09,4886.0,naive,NaiveForecaster()
O77,1970-03-10,4886.0,naive,NaiveForecaster()
O77,1970-03-11,4886.0,naive,NaiveForecaster()
O77,1970-03-12,4886.0,naive,NaiveForecaster()
O78,1970-03-05,5946.0,naive,NaiveForecaster()
O78,1970-03-06,5946.0,naive,NaiveForecaster()
O78,1970-03-07,5946.0,naive,NaiveForecaster()
O78,1970-03-08,5946.0,naive,NaiveForecaster()
O78,1970-03-09,5946.0,naive,NaiveForecaster()
O78,1970-03-10,5946.0,naive,NaiveForecaster()
O78,1970-03-11,5946.0,naive,NaiveForecaster()
O78,1970-03-12,5946.0,naive,NaiveForecaster()
O79,1970-03-05,1181.0,naive,NaiveForecaster()
O79,1970-03-06,1181.0,naive,NaiveForecaster()
O79,1970-03-07,1181.0,naive,NaiveForecaster()
O79,1970-03-08,1181.0,naive,NaiveForecaster()
O79,1970-03-09,1181.0,naive,NaiveForecaster()
O79,1970-03-10,1181.0,naive,NaiveForecaster()
O79,1970-03-11,1181.0,naive,NaiveForecaster()
O79,1970-03-12,1181.0,naive,NaiveForecaster()
O8,1970-04-06,5498.38,naive,NaiveForecaster()
O8,1970-04-07,5498.38,naive,NaiveForecaster()
O8,1970-04-08,5498.38,naive,NaiveForecaster()
O8,1970-04-09,5498.38,naive,NaiveForecaster()
O8,1970-04-10,5498.38,naive,NaiveForecaster()
O8,1970-04-11,5498.38,naive,NaiveForecaster()
O8,1970-04-12,5498.38,naive,NaiveForecaster()
O8,1970-04-13,5498.38,naive,NaiveForecaster()
O80,1970-03-05,1886.0,naive,NaiveForecaster()
O80,1970-03-06,1886.0,naive,NaiveForecaster()
O80,1970-03-07,1886.0,naive,NaiveForecaster()
O80,1970-03-08,1886.0,naive,NaiveForecaster()
O80,1970-03-09,1886.0,naive,NaiveForecaster()
O80,1970-03-10,1886.0,naive,NaiveForecaster()
O80,1970-03-11,1886.0,naive,NaiveForecaster()
O80,1970-03-12,1886.0,naive,NaiveForecaster()
O81,1970-03-05,2658.0,naive,NaiveForecaster()
O81,1970-03-06,2658.0,naive,NaiveForecaster()
O81,1970-03-07,2658.0,naive,NaiveForecaster()
O81,1970-03-08,2658.0,naive,NaiveForecaster()
O81,1970-03-09,2658.0,naive,NaiveForecaster()
O81,1970-03-10,2658.0,naive,NaiveForecaster()
O81,1970-03-11,2658.0,naive,NaiveForecaster()
O81,1970-03-12,2658.0,naive,NaiveForecaster()
O82,1970-03-05,6011.0,snaive,NaiveForecaster(sp=3)
O82,1970-03-06,5815.0,snaive,NaiveForecaster(sp=3)
O82,1970-03-07,5754.0,snaive,NaiveForecaster(sp=3)
O82,1970-03-08,6011.0,snaive,NaiveForecaster(sp=3)
O82,1970-03-09,5815.0,snaive,NaiveForecaster(sp=3)
O82,1970-03-10,5754.0,snaive,NaiveForecaster(sp=3)
O82,1970-03-11,6011.0,snaive,NaiveForecaster(sp=3)
O82,1970-03-12,5815.0,snaive,NaiveForecaster(sp=3)
O83,1970-03-05,2966.0,naive,NaiveForecaster()
O83,1970-03-06,2966.0,naive,NaiveForecaster()
O83,1970-03-07,2966.0,naive,NaiveForecaster()
O83,1970-03-08,2966.0,naive,NaiveForecaster()
O83,1970-03-09,2966.0,naive,NaiveForecaster()
O83,1970-03-10,2966.0,naive,NaiveForecaster()
O83,1970-03-11,2966.0,naive,NaiveForecaster()
O83,1970-03-12,2966.0,naive,NaiveForecaster()
O84,1970-03-05,1445.0,snaive,NaiveForecaster(sp=3)
O84,1970-03-06,1434.0,snaive,NaiveForecaster(sp=3)
O84,1970-03-07,1402.0,snaive,NaiveForecaster(sp=3)
O84,1970-03-08,1445.0,snaive,NaiveForecaster(sp=3)
O84,1970-03-09,1434.0,snaive,NaiveForecaster(sp=3)
O84,1970-03-10,1402.0,snaive,NaiveForecaster(sp=3)
O84,1970-03-11,1445.0,snaive,NaiveForecaster(sp=3)
O84,1970-03-12,1434.0,snaive,NaiveForecaster(sp=3)
O85,1970-03-05,4450.0,naive,NaiveForecaster()
O85,1970-03-06,4450.0,naive,NaiveForecaster()
O85,1970-03-07,4450.0,naive,NaiveForecaster()
O85,1970-03-08,4450.0,naive,NaiveForecaster()
O85,1970-03-09,4450.0,naive,NaiveForecaster()
O85,1970-03-10,4450.0,naive,NaiveForecaster()
O85,1970-03-11,4450.0,naive,NaiveForecaster()
O85,1970-03-12,4450.0,naive,NaiveForecaster()
O86,1970-03-05,2966.0,naive,NaiveForecaster()
O86,1970-03-06,2966.0,naive,NaiveForecaster()
O86,1970-03-07,2966.0,naive,NaiveForecaster()
O86,1970-03-08,2966.0,naive,NaiveForecaster()
O86,1970-03-09,2966.0,naive,NaiveForecaster()
O86,1970-03-10,2966.0,naive,NaiveForecaster()
O86,1970-03-11,2966.0,naive,NaiveForecaster()
O86,1970-03-12,2966.0,naive,NaiveForecaster()
O87,1970-03-05,3490.0,naive,NaiveForecaster()
O87,1970-03-06,3490.0,naive,NaiveForecaster()
O87,1970-03-07,3490.0,naive,NaiveForecaster()
O87,1970-03-08,3490.0,naive,NaiveForecaster()
O87,1970-03-09,3490.0,naive,NaiveForecaster()
O87,1970-03-10,3490.0,naive,NaiveForecaster()
O87,1970-03-11,3490.0,naive,NaiveForecaster()
O87,1970-03-12,3490.0,naive,NaiveForecaster()
O88,1970-03-05,4200.0,naive,NaiveForecaster()
O88,1970-03-06,4200.0,naive,NaiveForecaster()
O88,1970-03-07,4200.0,naive,NaiveForecaster()
O88,1970-03-08,4200.0,naive,NaiveForecaster()
O88,1970-03-09,4200.0,naive,NaiveForecaster()
O88,1970-03-10,4200.0,naive,NaiveForecaster()
O88,1970-03-11,4200.0,naive,NaiveForecaster()
O88,1970-03-12,4200.0,naive,NaiveForecaster()
O89,1970-03-05,11541.0,naive,NaiveForecaster()
O89,1970-03-06,11541.0,naive,NaiveForecaster()
O89,1970-03-07,11541.0,naive,NaiveForecaster()
O89,1970-03-08,11541.0,naive,NaiveForecaster()
O89,1970-03-09,11541.0,naive,NaiveForecaster()
O89,1970-03-10,11541.0,naive,NaiveForecaster()
O89,1970-03-11,11541.0,naive,NaiveForecaster()
O89,1970-03-12,11541.0,naive,NaiveForecaster()
O9,1970-04-06,6170.52,naive,NaiveForecaster()
O9,1970-04-07,6170.52,naive,NaiveForecaster()
O9,1970-04-08,6170.52,naive,NaiveForecaster()
O9,1970-04-09,6170.52,naive,NaiveForecaster()
O9,1970-04-10,6170.52,naive,NaiveForecaster()
O9,1970-04-11,6170.52,naive,NaiveForecaster()
O9,1970-04-12,6170.52,naive,NaiveForecaster()
O9,1970-04-13,6170.52,naive,NaiveForecaster()
O90,1970-03-05,5146.0,naive,NaiveForecaster()
O90,1970-03-06,5146.0,naive,NaiveForecaster()
O90,1970-03-07,5146.0,naive,NaiveForecaster()
O90,1970-03-08,5146.0,naive,NaiveForecaster()
O90,1970-03-09,5146.0,naive,NaiveForecaster()
O90,1970-03-10,5146.0,naive,NaiveForecaster()
O90,1970-03-11,5146.0,naive,NaiveForecaster()
O90,1970-03-12,5146.0,naive,NaiveForecaster()
O91,1970-03-05,6033.0,naive,NaiveForecaster()
O91,1970-03-06,6033.0,naive,NaiveForecaster()
O91,1970-03-07,6033.0,naive,NaiveForecaster()
O91,1970-03-08,6033.0,naive,NaiveForecaster()
O91,1970-03-09,6033.0,naive,NaiveForecaster()
O91,1970-03-10,6033.0,naive,NaiveForecaster()
O91,1970-03-11,6033.0,naive,NaiveForecaster()
O91,1970-03-12,6033.0,naive,NaiveForecaster()
O92,1970-03-05,3834.0,naive,NaiveForecaster()
O92,1970-03-06,3834.0,naive,NaiveForecaster()
O92,1970-03-07,3834.0,naive,NaiveForecaster()
O92,1970-03-08,3834.0,naive,NaiveForecaster()
O92,1970-03-09,3834.0,naive,NaiveForecaster()
O92,1970-03-10,3834.0,naive,NaiveForecaster()
O92,1970-03-11,3834.0,naive,NaiveForecaster()
O92,1970-03-12,3834.0,naive,NaiveForecaster()
O93,1970-03-05,2877.0,naive,NaiveForecaster()
O93,1970-03-06,2877.0,naive,NaiveForecaster()
O93,1970-03-07,2877.0,naive,NaiveForecaster()
O93,1970-03-08,2877.0,naive,NaiveForecaster()
O93,1970-03-09,2877.0,naive,NaiveForecaster()
O93,1970-03-10,2877.0,naive,NaiveForecaster()
O93,1970-03-11,2877.0,naive,NaiveForecaster()
O93,1970-03-12,2877.0,naive,NaiveForecaster()
O94,1970-03-05,3557.0,naive,NaiveForecaster()
O94,1970-03-06,3557.0,naive,NaiveForecaster()
O94,1970-03-07,3557.0,naive,NaiveForecaster()
O94,1970-03-08,3557.0,naive,NaiveForecaster()
O94,1970-03-09,3557.0,naive,NaiveForecaster()
O94,1970-03-10,3557.0,naive,NaiveForecaster()
O94,1970-03-11,3557.0,naive,NaiveForecaster()
O94,1970-03-12,3557.0,naive,NaiveForecaster()
O95,1970-03-05,2679.0,naive,NaiveForecaster()
O95,1970-03-06,2679.0,naive,NaiveForecaster()
O95,1970-03-07,2679.0,naive,NaiveForecaster()
O95,1970-03-08,2679.0,naive,NaiveForecaster()
O95,1970-03-09,2679.0,naive,NaiveForecaster()
O95,1970-03-10,2679.0,naive,NaiveForecaster()
O95,1970-03-11,2679.0,naive,NaiveForecaster()
O95,1970-03-12,2679.0,naive,NaiveForecaster()
O96,1970-03-05,1251.0,naive,NaiveForecaster()
O96,1970-03-06,1251.0,naive,NaiveForecaster()
O96,1970-03-07,1251.0,naive,NaiveForecaster()
O96,1970-03-08,1251.0,naive,NaiveForecaster()
O96,1970-03-09,1251.0,naive,NaiveForecaster()
O96,1970-03-10,1251.0,naive,NaiveForecaster()
O96,1970-03-11,1251.0,naive,NaiveForecaster()
O96,1970-03-12,1251.0,naive,NaiveForecaster()
O97,1970-03-05,3118.0,snaive,NaiveForecaster(sp=8)
O97,1970-03-06,3094.0,snaive,NaiveForecaster(sp=8)
O97,1970-03-07,3048.0,snaive,NaiveForecaster(sp=8)
O97,1970-03-08,3017.0,snaive,NaiveForecaster(sp=8)
O97,1970-03-09,2992.0,snaive,NaiveForecaster(sp=8)
O97,1970-03-10,2975.0,snaive,NaiveForecaster(sp=8)
O97,1970-03-11,2945.0,snaive,NaiveForecaster(sp=8)
O97,1970-03-12,2865.0,snaive,NaiveForecaster(sp=8)
O98,1970-03-05,2053.0,naive,NaiveForecaster()
O98,1970-03-06,2053.0,naive,NaiveForecaster()
O98,1970-03-07,2053.0,naive,NaiveForecaster()
O98,1970-03-08,2053.0,naive,NaiveForecaster()
O98,1970-03-09,2053.0,naive,NaiveForecaster()
O98,1970-03-10,2053.0,naive,NaiveForecaster()
O98,1970-03-11,2053.0,naive,NaiveForecaster()
O98,1970-03-12,2053.0,naive,NaiveForecaster()
O99,1970-03-05,32505.0,snaive,NaiveForecaster(sp=16)
O99,1970-03-06,32237.0,snaive,NaiveForecaster(sp=16)
O99,1970-03-07,31919.0,snaive,NaiveForecaster(sp=16)
O99,1970-03-08,31666.0,snaive,NaiveForecaster(sp=16)
O99,1970-03-09,31753.0,snaive,NaiveForecaster(sp=16)
O99,1970-03-10,31064.0,snaive,NaiveForecaster(sp=16)
O99,1970-03-11,31069.0,snaive,NaiveForecaster(sp=16)
O99,1970-03-12,30908.0,snaive,NaiveForecaster(sp=16)
