unique_id,len_total,len_train,len_test,strictly_positive,white_noise,lowercase_d,uppercase_d,seasonality_present,candidate_sps,significant_sps,all_sps,primary_sp,significant_sps_no_harmonics,all_sps_no_harmonics,primary_sp_no_harmonics,time_taken
Q1,44,36,8,True,No,1,0,False,[],[1],[1],1,[1],[1],1,3.5395
Q10,44,36,8,True,No,1,0,False,[],[1],[1],1,[1],[1],1,3.1436
Q100,44,36,8,True,No,1,1,True,[4],[4],[4],4,[4],[4],4,3.3341
Q101,44,36,8,True,No,1,0,True,[4],[4],[4],4,[4],[4],4,2.7476
Q102,44,36,8,True,No,1,1,True,"[8, 4]","[8, 4]",[8],8,[8],[8],8,2.9152
Q103,44,36,8,True,Yes,1,0,False,[],[1],[1],1,[1],[1],1,4.3807
Q104,44,36,8,True,Yes,0,0,False,[],[1],[1],1,[1],[1],1,2.6369
Q105,44,36,8,True,No,0,0,False,[],[1],[1],1,[1],[1],1,3.5395
Q106,45,37,8,True,No,0,0,False,[],[1],[1],1,[1],[1],1,2.1606
Q107,44,36,8,True,No,1,1,True,"[4, 8]","[4, 8]",[4],4,[8],[8],8,2.2836
Q108,45,37,8,True,No,1,1,True,[4],[4],[4],4,[4],[4],4,2.2732
Q109,44,36,8,True,No,1,1,True,[4],[4],[4],4,[4],[4],4,2.3505
Q11,44,36,8,True,No,1,0,False,[],[1],[1],1,[1],[1],1,2.2675
Q110,44,36,8,True,No,1,1,True,"[4, 2]","[4, 2]",[4],4,[4],[4],4,2.2047
Q111,44,36,8,True,No,1,0,True,"[4, 8]","[4, 8]",[4],4,[8],[8],8,2.2991
Q112,44,36,8,True,No,1,1,True,[4],[4],[4],4,[4],[4],4,2.2883
Q113,44,36,8,True,No,1,1,True,"[4, 8]","[4, 8]",[4],4,[8],[8],8,2.2776
Q114,44,36,8,True,No,1,2,True,[2],[2],[2],2,[2],[2],2,2.3097
Q115,44,36,8,True,No,1,2,True,"[2, 4]","[2, 4]",[2],2,[4],[4],4,2.3642
Q116,45,37,8,True,Yes,0,0,False,[],[1],[1],1,[1],[1],1,2.0389
Q117,44,36,8,True,No,1,0,False,[],[1],[1],1,[1],[1],1,2.1471
Q118,44,36,8,True,No,1,1,True,[4],[4],[4],4,[4],[4],4,2.1671
Q119,44,36,8,True,No,1,1,True,[4],[4],[4],4,[4],[4],4,2.425
Q12,44,36,8,True,No,1,0,False,[],[1],[1],1,[1],[1],1,2.1503
Q120,44,36,8,True,No,1,0,False,[],[1],[1],1,[1],[1],1,2.1705
Q121,46,38,8,True,No,1,1,True,[4],[4],[4],4,[4],[4],4,2.2986
Q122,44,36,8,True,No,1,1,True,[4],[4],[4],4,[4],[4],4,2.3627
Q123,36,28,8,True,No,1,0,False,[],[1],[1],1,[1],[1],1,2.4262
Q124,45,37,8,True,No,1,1,True,[4],[4],[4],4,[4],[4],4,2.3461
Q125,44,36,8,True,No,0,0,False,[],[1],[1],1,[1],[1],1,2.2137
Q126,44,36,8,True,No,1,1,True,"[4, 8]","[4, 8]",[4],4,[8],[8],8,2.3604
Q127,44,36,8,True,No,1,1,True,"[4, 8]","[4, 8]",[4],4,[8],[8],8,2.2888
Q128,44,36,8,True,No,0,0,True,"[2, 3]","[2, 3]",[2],2,"[2, 3]",[2],2,2.2903
Q129,46,38,8,True,No,1,1,True,[8],[8],[8],8,[8],[8],8,2.3009
Q13,44,36,8,True,No,1,0,False,[],[1],[1],1,[1],[1],1,2.3106
Q130,43,35,8,True,No,1,0,False,[],[1],[1],1,[1],[1],1,2.3367
Q131,44,36,8,True,No,1,1,True,"[4, 8]","[4, 8]",[4],4,[8],[8],8,2.2053
Q132,45,37,8,True,No,1,0,False,[],[1],[1],1,[1],[1],1,2.1739
Q133,44,36,8,True,No,2,1,True,"[2, 4]","[2, 4]",[2],2,[4],[4],4,2.376
Q134,44,36,8,True,No,1,1,True,[4],[4],[4],4,[4],[4],4,2.5452
Q135,44,36,8,True,No,1,1,True,"[2, 4]","[2, 4]",[2],2,[4],[4],4,2.5408
Q136,44,36,8,True,No,2,0,True,"[4, 8]","[4, 8]",[4],4,[8],[8],8,2.3964
Q137,44,36,8,True,No,0,0,True,[2],[2],[2],2,[2],[2],2,2.3798
Q138,44,36,8,True,No,1,1,True,"[4, 8]","[4, 8]",[4],4,[8],[8],8,2.6649
Q139,44,36,8,True,No,1,0,False,[],[1],[1],1,[1],[1],1,2.3278
Q14,44,36,8,True,No,1,0,False,[],[1],[1],1,[1],[1],1,2.603
Q140,44,36,8,True,No,1,1,True,[4],[4],[4],4,[4],[4],4,2.3936
Q141,44,36,8,True,No,1,1,True,[4],[4],[4],4,[4],[4],4,2.5856
Q142,44,36,8,True,No,1,1,True,"[4, 8]","[4, 8]",[4],4,[8],[8],8,2.45
Q143,44,36,8,True,No,1,0,False,[],[1],[1],1,[1],[1],1,2.2655
Q144,44,36,8,True,No,1,0,True,[4],[4],[4],4,[4],[4],4,2.4619
Q145,45,37,8,True,No,1,0,True,[4],[4],[4],4,[4],[4],4,2.6923
Q146,44,36,8,True,No,1,0,True,[4],[4],[4],4,[4],[4],4,2.5497
Q147,44,36,8,True,No,1,1,True,"[4, 8]","[4, 8]",[4],4,[8],[8],8,2.3582
Q148,44,36,8,True,No,1,0,False,[],[1],[1],1,[1],[1],1,2.4141
Q149,40,32,8,True,No,1,0,False,[],[1],[1],1,[1],[1],1,2.4076
Q15,44,36,8,True,No,2,0,False,[],[1],[1],1,[1],[1],1,2.5203
Q150,44,36,8,True,No,1,0,False,[],[1],[1],1,[1],[1],1,2.601
Q151,44,36,8,True,No,1,2,True,"[2, 4]","[2, 4]",[2],2,[4],[4],4,2.2919
Q152,44,36,8,True,No,1,0,False,[],[1],[1],1,[1],[1],1,2.5631
Q153,44,36,8,True,No,1,1,True,[2],[2],[2],2,[2],[2],2,2.4614
Q154,44,36,8,True,No,1,0,False,[],[1],[1],1,[1],[1],1,2.4824
Q155,44,36,8,True,No,0,1,True,[4],[4],[4],4,[4],[4],4,2.4554
Q156,44,36,8,True,No,1,0,False,[],[1],[1],1,[1],[1],1,2.5392
Q157,43,35,8,True,No,0,0,True,"[2, 3]","[2, 3]",[2],2,"[2, 3]",[2],2,2.4854
Q158,44,36,8,True,No,0,0,False,[],[1],[1],1,[1],[1],1,2.1941
Q159,44,36,8,True,No,0,0,False,[],[1],[1],1,[1],[1],1,2.4993
Q16,43,35,8,True,No,0,2,True,[2],[2],[2],2,[2],[2],2,2.4514
Q160,44,36,8,True,No,1,0,False,[],[1],[1],1,[1],[1],1,2.243
Q161,44,36,8,True,No,1,0,True,[4],[4],[4],4,[4],[4],4,2.1782
Q162,44,36,8,True,Yes,0,0,False,[],[1],[1],1,[1],[1],1,2.3038
Q163,44,36,8,True,Yes,0,0,False,[],[1],[1],1,[1],[1],1,2.1542
Q164,42,34,8,True,No,1,1,True,[2],[2],[2],2,[2],[2],2,2.3687
Q165,44,36,8,True,No,1,0,False,[],[1],[1],1,[1],[1],1,2.1732
Q166,44,36,8,True,Yes,0,0,False,[],[1],[1],1,[1],[1],1,2.3248
Q167,43,35,8,True,No,0,0,True,[2],[2],[2],2,[2],[2],2,2.0894
Q168,43,35,8,True,No,1,0,False,[],[1],[1],1,[1],[1],1,2.1961
Q169,44,36,8,True,No,1,0,False,[],[1],[1],1,[1],[1],1,2.0854
Q17,44,36,8,True,No,1,0,False,[],[1],[1],1,[1],[1],1,2.1183
Q170,44,36,8,True,No,1,1,True,[4],[4],[4],4,[4],[4],4,2.3427
Q171,44,36,8,True,Yes,0,0,False,[],[1],[1],1,[1],[1],1,2.5931
Q172,44,36,8,True,No,1,0,False,[],[1],[1],1,[1],[1],1,2.5292
Q173,46,38,8,True,No,1,0,True,"[4, 8]","[4, 8]",[4],4,[8],[8],8,2.4405
Q174,42,34,8,True,Yes,0,0,False,[],[1],[1],1,[1],[1],1,2.5452
Q175,44,36,8,True,No,0,0,True,[2],[2],[2],2,[2],[2],2,2.9052
Q176,44,36,8,True,No,1,1,True,"[4, 8]","[4, 8]",[4],4,[8],[8],8,2.632
Q177,44,36,8,True,No,1,1,True,[4],[4],[4],4,[4],[4],4,2.614
Q178,44,36,8,True,No,1,1,True,[4],[4],[4],4,[4],[4],4,2.6389
Q179,44,36,8,True,No,1,1,True,[4],[4],[4],4,[4],[4],4,2.5891
Q18,44,36,8,True,No,1,0,False,[],[1],[1],1,[1],[1],1,2.4704
Q180,44,36,8,True,No,1,1,True,[4],[4],[4],4,[4],[4],4,2.605
Q181,43,35,8,True,No,1,1,True,"[4, 2]","[4, 2]",[4],4,[4],[4],4,2.258
Q182,44,36,8,True,Yes,0,0,False,[],[1],[1],1,[1],[1],1,2.0854
Q183,44,36,8,True,No,1,0,False,[],[1],[1],1,[1],[1],1,2.0894
Q184,44,36,8,True,No,1,1,True,[4],[4],[4],4,[4],[4],4,2.3986
Q185,44,36,8,True,No,1,1,True,[4],[4],[4],4,[4],[4],4,2.25
Q186,44,36,8,True,No,0,2,True,"[2, 3]","[2, 3]",[2],2,"[2, 3]",[2],2,2.3108
Q187,44,36,8,True,Yes,0,0,True,[4],[4],[4],4,[4],[4],4,2.3218
Q188,44,36,8,True,No,1,1,True,[4],[4],[4],4,[4],[4],4,2.2729
Q189,45,37,8,True,No,1,0,False,[],[1],[1],1,[1],[1],1,2.3597
Q19,44,36,8,True,No,1,0,False,[],[1],[1],1,[1],[1],1,2.3128
Q190,45,37,8,True,No,0,0,False,[],[1],[1],1,[1],[1],1,2.2221
Q191,44,36,8,True,Yes,0,0,False,[],[1],[1],1,[1],[1],1,2.4993
Q192,44,36,8,True,No,1,0,False,[],[1],[1],1,[1],[1],1,2.2969
Q193,44,36,8,True,No,0,0,False,[],[1],[1],1,[1],[1],1,2.1752
Q194,44,36,8,True,No,1,0,False,[],[1],[1],1,[1],[1],1,2.1463
Q195,43,35,8,True,No,0,0,False,[],[1],[1],1,[1],[1],1,2.3048
Q196,45,37,8,True,No,1,0,False,[],[1],[1],1,[1],[1],1,2.3018
Q197,44,36,8,True,No,0,1,True,[4],[4],[4],4,[4],[4],4,2.4724
Q198,46,38,8,True,No,0,0,False,[],[1],[1],1,[1],[1],1,2.4395
Q199,44,36,8,True,No,1,0,True,[4],[4],[4],4,[4],[4],4,2.1373
Q2,44,36,8,True,No,1,0,False,[],[1],[1],1,[1],[1],1,2.1722
Q20,46,38,8,True,No,1,0,False,[],[1],[1],1,[1],[1],1,2.2979
Q200,44,36,8,True,No,1,0,False,[],[1],[1],1,[1],[1],1,2.1862
Q201,43,35,8,True,Yes,1,0,False,[],[1],[1],1,[1],[1],1,2.1283
Q202,43,35,8,True,Yes,0,0,False,[],[1],[1],1,[1],[1],1,2.0336
Q203,45,37,8,True,No,1,1,True,"[4, 8]","[4, 8]",[4],4,[8],[8],8,2.246
Q204,44,36,8,True,No,1,1,True,[4],[4],[4],4,[4],[4],4,2.3128
Q205,59,51,8,True,No,2,1,True,"[2, 4]","[2, 4]",[2],2,[4],[4],4,2.1921
Q206,59,51,8,True,No,1,1,True,"[4, 8, 12]","[4, 8, 12]",[4],4,"[12, 8]",[12],12,2.3916
Q207,59,51,8,True,No,1,1,True,"[4, 8]","[4, 8]",[4],4,[8],[8],8,2.4255
Q208,59,51,8,True,No,1,1,True,"[4, 8, 12]","[4, 8, 12]",[4],4,"[12, 8]",[12],12,2.1642
Q209,59,51,8,True,No,1,1,True,"[2, 4]","[2, 4]",[2],2,[4],[4],4,2.4475
Q21,44,36,8,True,No,1,1,True,[4],[4],[4],4,[4],[4],4,2.4445
Q210,59,51,8,True,No,0,1,True,"[4, 8]","[4, 8]",[4],4,[8],[8],8,2.3008
Q211,59,51,8,True,No,1,0,False,[],[1],[1],1,[1],[1],1,2.3707
Q212,59,51,8,True,No,1,0,True,[4],[4],[4],4,[4],[4],4,2.5103
Q213,59,51,8,True,No,1,1,True,"[4, 8]","[4, 8]",[4],4,[8],[8],8,2.2869
Q214,64,56,8,True,No,2,1,True,"[4, 8, 12]","[4, 8, 12]",[4],4,"[12, 8]",[12],12,2.3547
Q215,64,56,8,True,No,2,1,True,"[4, 8, 12]","[4, 8, 12]",[4],4,"[12, 8]",[12],12,2.4295
Q216,64,56,8,True,No,2,1,True,"[4, 8, 12]","[4, 8, 12]",[4],4,"[12, 8]",[12],12,2.2081
Q217,64,56,8,True,No,1,0,False,[],[1],[1],1,[1],[1],1,2.5252
Q218,64,56,8,True,No,1,1,True,"[4, 8, 12]","[4, 8, 12]",[4],4,"[12, 8]",[12],12,2.5582
Q219,64,56,8,True,No,1,1,True,"[4, 8, 12]","[4, 8, 12]",[4],4,"[12, 8]",[12],12,2.3697
Q22,44,36,8,True,No,0,0,True,[4],[4],[4],4,[4],[4],4,2.2699
Q220,64,56,8,True,No,1,1,True,"[4, 8, 12]","[4, 8, 12]",[4],4,"[12, 8]",[12],12,2.4694
Q221,68,60,8,True,No,1,0,True,"[4, 8]","[4, 8]",[4],4,[8],[8],8,2.4903
Q222,32,24,8,True,Maybe,1,1,True,[4],[4],[4],4,[4],[4],4,2.1323
Q223,68,60,8,True,No,1,1,True,"[4, 8, 12]","[4, 8, 12]",[4],4,"[12, 8]",[12],12,2.2769
Q224,64,56,8,True,No,0,1,True,"[4, 8]","[4, 8]",[4],4,[8],[8],8,2.2739
Q225,64,56,8,True,No,1,1,True,"[4, 8, 12]","[4, 8, 12]",[4],4,"[12, 8]",[12],12,2.3228
Q226,64,56,8,True,No,1,1,True,"[4, 8, 12]","[4, 8, 12]",[4],4,"[12, 8]",[12],12,2.3108
Q227,68,60,8,True,No,1,0,True,[4],[4],[4],4,[4],[4],4,2.3298
Q228,32,24,8,True,Yes,0,0,False,[],[1],[1],1,[1],[1],1,2.3707
Q229,68,60,8,True,No,1,1,True,"[4, 8, 12]","[4, 8, 12]",[4],4,"[12, 8]",[12],12,2.3627
Q23,44,36,8,True,Yes,1,1,True,[9],[9],[9],9,[9],[9],9,2.4165
Q230,71,63,8,True,No,1,1,True,"[4, 8, 12]","[4, 8, 12]",[4],4,"[12, 8]",[12],12,2.4145
Q231,71,63,8,True,No,1,1,True,"[4, 8, 12]","[4, 8, 12]",[4],4,"[12, 8]",[12],12,2.4425
Q232,71,63,8,True,No,1,0,False,[],[1],[1],1,[1],[1],1,2.2131
Q233,71,63,8,True,No,1,1,True,"[4, 8, 12]","[4, 8, 12]",[4],4,"[12, 8]",[12],12,2.3567
Q234,71,63,8,True,No,1,0,False,[],[1],[1],1,[1],[1],1,2.235
Q235,71,63,8,True,No,1,1,True,"[4, 8, 12]","[4, 8, 12]",[4],4,"[12, 8]",[12],12,2.3876
Q236,71,63,8,True,No,1,0,False,[],[1],[1],1,[1],[1],1,2.5193
Q237,71,63,8,True,No,2,0,True,"[4, 8, 12]","[4, 8, 12]",[4],4,"[12, 8]",[12],12,2.607
Q238,71,63,8,True,No,2,1,True,"[4, 8]","[4, 8]",[4],4,[8],[8],8,2.7147
Q239,69,61,8,True,No,1,2,True,"[2, 4]","[2, 4]",[2],2,[4],[4],4,2.6569
Q24,44,36,8,True,No,1,0,False,[],[1],[1],1,[1],[1],1,2.4215
Q240,68,60,8,True,No,1,0,False,[],[1],[1],1,[1],[1],1,2.6
Q241,35,27,8,True,No,1,0,False,[],[1],[1],1,[1],[1],1,2.5422
Q242,35,27,8,True,No,1,0,False,[],[1],[1],1,[1],[1],1,2.4106
Q243,35,27,8,True,No,0,1,True,[2],[2],[2],2,[2],[2],2,2.1852
Q244,35,27,8,True,No,1,0,False,[],[1],[1],1,[1],[1],1,2.3028
Q245,35,27,8,True,No,1,0,False,[],[1],[1],1,[1],[1],1,2.3886
Q246,35,27,8,True,No,1,0,False,[],[1],[1],1,[1],[1],1,2.3577
Q247,51,43,8,True,No,0,0,True,[2],[2],[2],2,[2],[2],2,2.0874
Q248,51,43,8,True,No,1,0,False,[],[1],[1],1,[1],[1],1,2.4564
Q249,51,43,8,True,No,1,0,False,[],[1],[1],1,[1],[1],1,2.1752
Q25,44,36,8,True,No,1,0,False,[],[1],[1],1,[1],[1],1,2.254
Q250,51,43,8,True,No,1,0,False,[],[1],[1],1,[1],[1],1,2.1243
Q251,56,48,8,True,No,1,0,True,[4],[4],[4],4,[4],[4],4,2.3348
Q252,72,64,8,True,No,1,0,True,[4],[4],[4],4,[4],[4],4,2.3477
Q253,72,64,8,True,No,1,0,False,[],[1],[1],1,[1],[1],1,2.3348
Q254,72,64,8,True,No,1,0,True,[16],[16],[16],16,[16],[16],16,2.4405
Q255,72,64,8,True,No,0,1,True,[2],[2],[2],2,[2],[2],2,2.2081
Q256,72,64,8,True,No,1,0,False,[],[1],[1],1,[1],[1],1,2.3148
Q257,72,64,8,True,No,0,2,True,[2],[2],[2],2,[2],[2],2,2.4455
Q258,72,64,8,True,No,1,0,False,[],[1],[1],1,[1],[1],1,2.247
Q259,71,63,8,True,No,1,0,True,"[4, 8, 12]","[4, 8, 12]",[4],4,"[12, 8]",[12],12,2.3028
Q26,44,36,8,True,No,1,1,True,"[4, 8]","[4, 8]",[4],4,[8],[8],8,2.1712
Q260,68,60,8,True,No,1,0,False,[],[1],[1],1,[1],[1],1,2.2659
Q261,69,61,8,True,No,1,0,False,[],[1],[1],1,[1],[1],1,2.2081
Q262,68,60,8,True,No,1,0,True,"[4, 8]","[4, 8]",[4],4,[8],[8],8,2.4654
Q263,72,64,8,True,No,0,0,False,[],[1],[1],1,[1],[1],1,2.3986
Q264,72,64,8,True,No,1,0,False,[],[1],[1],1,[1],[1],1,2.2011
Q265,72,64,8,True,No,1,0,False,[],[1],[1],1,[1],[1],1,2.3128
Q266,72,64,8,True,No,1,0,False,[],[1],[1],1,[1],[1],1,2.3228
Q267,72,64,8,True,No,1,0,True,[4],[4],[4],4,[4],[4],4,2.3377
Q268,72,64,8,True,No,1,0,True,[8],[8],[8],8,[8],[8],8,2.1742
Q269,72,64,8,True,No,1,0,True,"[4, 8]","[4, 8]",[4],4,[8],[8],8,2.2699
Q27,43,35,8,True,No,1,0,False,[],[1],[1],1,[1],[1],1,2.1453
Q270,72,64,8,True,No,1,0,False,[],[1],[1],1,[1],[1],1,2.1363
Q271,64,56,8,True,No,0,0,True,[2],[2],[2],2,[2],[2],2,2.1862
Q272,52,44,8,True,No,0,2,True,[2],[2],[2],2,[2],[2],2,2.2051
Q273,59,51,8,True,No,0,0,True,[2],[2],[2],2,[2],[2],2,2.3587
Q274,64,56,8,True,No,1,1,True,"[4, 8, 12]","[4, 8, 12]",[4],4,"[12, 8]",[12],12,2.2689
Q275,64,56,8,True,No,2,1,True,"[4, 8, 12]","[4, 8, 12]",[4],4,"[12, 8]",[12],12,2.2211
Q276,44,36,8,True,No,1,0,False,[],[1],[1],1,[1],[1],1,2.1502
Q277,64,56,8,True,No,1,0,True,"[4, 2]","[4, 2]",[4],4,[4],[4],4,2.3876
Q278,40,32,8,True,No,1,0,True,[2],[2],[2],2,[2],[2],2,2.1702
Q279,40,32,8,True,No,1,1,True,"[4, 8]","[4, 8]",[4],4,[8],[8],8,2.3507
Q28,43,35,8,True,No,1,0,False,[],[1],[1],1,[1],[1],1,2.3856
Q280,48,40,8,True,No,1,1,True,[12],[12],[12],12,[12],[12],12,2.1971
Q281,44,36,8,True,No,1,0,False,[],[1],[1],1,[1],[1],1,2.4385
Q282,44,36,8,True,No,2,1,True,[4],[4],[4],4,[4],[4],4,2.2101
Q283,44,36,8,True,No,2,1,True,"[4, 2]","[4, 2]",[4],4,[4],[4],4,2.2849
Q284,68,60,8,True,No,1,0,False,[],[1],[1],1,[1],[1],1,2.235
Q285,42,34,8,True,No,1,0,False,[],[1],[1],1,[1],[1],1,2.253
Q286,45,37,8,True,No,1,1,True,"[4, 8]","[4, 8]",[4],4,[8],[8],8,2.3587
Q287,50,42,8,True,No,1,0,False,[],[1],[1],1,[1],[1],1,2.259
Q288,52,44,8,True,No,1,0,False,[],[1],[1],1,[1],[1],1,2.4564
Q289,52,44,8,True,No,2,0,False,[],[1],[1],1,[1],[1],1,2.5821
Q29,45,37,8,True,No,1,1,True,[4],[4],[4],4,[4],[4],4,2.4644
Q290,52,44,8,True,No,1,0,False,[],[1],[1],1,[1],[1],1,2.0854
Q291,24,16,8,True,Maybe,1,0,False,[],[1],[1],1,[1],[1],1,2.4205
Q292,52,44,8,True,No,1,0,False,[],[1],[1],1,[1],[1],1,2.25
Q293,52,44,8,True,No,2,0,False,[],[1],[1],1,[1],[1],1,2.5312
Q294,52,44,8,True,No,2,0,False,[],[1],[1],1,[1],[1],1,2.614
Q295,52,44,8,True,No,2,0,True,[4],[4],[4],4,[4],[4],4,2.6389
Q296,52,44,8,True,No,2,0,False,[],[1],[1],1,[1],[1],1,2.5073
Q297,52,44,8,True,No,2,0,False,[],[1],[1],1,[1],[1],1,2.7407
Q298,52,44,8,True,No,1,0,False,[],[1],[1],1,[1],[1],1,2.3228
Q299,52,44,8,True,No,1,0,False,[],[1],[1],1,[1],[1],1,2.1822
Q3,46,38,8,True,No,1,0,False,[],[1],[1],1,[1],[1],1,2.4534
Q30,44,36,8,True,Yes,0,0,False,[],[1],[1],1,[1],[1],1,2.3437
Q300,52,44,8,True,No,1,0,False,[],[1],[1],1,[1],[1],1,2.232
Q301,52,44,8,True,No,1,0,False,[],[1],[1],1,[1],[1],1,2.239
Q302,52,44,8,True,No,1,0,False,[],[1],[1],1,[1],[1],1,2.245
Q303,52,44,8,True,No,1,0,False,[],[1],[1],1,[1],[1],1,2.1782
Q304,52,44,8,True,No,1,0,False,[],[1],[1],1,[1],[1],1,2.257
Q305,52,44,8,True,No,1,1,True,[2],[2],[2],2,[2],[2],2,2.3577
Q306,24,16,8,True,Yes,0,0,False,[],[1],[1],1,[1],[1],1,2.1133
Q307,52,44,8,True,No,1,0,False,[],[1],[1],1,[1],[1],1,2.1004
Q308,52,44,8,True,No,1,0,False,[],[1],[1],1,[1],[1],1,2.3038
Q309,52,44,8,True,No,2,0,True,[4],[4],[4],4,[4],[4],4,2.2121
Q31,44,36,8,True,No,2,1,True,"[2, 4]","[2, 4]",[2],2,[4],[4],4,2.1941
Q310,52,44,8,True,No,2,0,False,[],[1],[1],1,[1],[1],1,2.1263
Q311,52,44,8,True,No,1,0,False,[],[1],[1],1,[1],[1],1,2.0565
Q312,52,44,8,True,No,2,0,False,[],[1],[1],1,[1],[1],1,2.1792
Q313,52,44,8,True,No,1,0,False,[],[1],[1],1,[1],[1],1,2.2091
Q314,52,44,8,True,No,1,0,False,[],[1],[1],1,[1],[1],1,2.241
Q315,52,44,8,True,No,1,0,False,[],[1],[1],1,[1],[1],1,2.1193
Q316,52,44,8,True,No,1,2,True,[2],[2],[2],2,[2],[2],2,2.0016
Q317,52,44,8,True,No,1,0,False,[],[1],[1],1,[1],[1],1,2.0306
Q318,52,44,8,True,No,1,0,False,[],[1],[1],1,[1],[1],1,2.246
Q319,52,44,8,True,No,1,0,False,[],[1],[1],1,[1],[1],1,2.236
Q32,44,36,8,True,No,1,1,True,"[4, 8]","[4, 8]",[4],4,[8],[8],8,2.0356
Q320,52,44,8,True,No,1,0,False,[],[1],[1],1,[1],[1],1,2.3946
Q321,24,16,8,True,Maybe,0,0,False,[],[1],[1],1,[1],[1],1,2.0675
Q322,52,44,8,True,No,1,0,False,[],[1],[1],1,[1],[1],1,2.258
Q323,52,44,8,True,No,1,0,False,[],[1],[1],1,[1],[1],1,2.1443
Q324,52,44,8,True,No,1,0,False,[],[1],[1],1,[1],[1],1,2.2879
Q325,52,44,8,True,No,1,0,False,[],[1],[1],1,[1],[1],1,2.0326
Q326,52,44,8,True,No,1,0,False,[],[1],[1],1,[1],[1],1,2.0804
Q327,52,44,8,True,No,1,0,False,[],[1],[1],1,[1],[1],1,2.1034
Q328,52,44,8,True,No,1,0,False,[],[1],[1],1,[1],[1],1,2.0615
Q329,52,44,8,True,No,1,0,False,[],[1],[1],1,[1],[1],1,2.0435
Q33,44,36,8,True,No,1,0,False,[],[1],[1],1,[1],[1],1,2.1163
Q330,52,44,8,True,No,2,0,False,[],[1],[1],1,[1],[1],1,2.4115
Q331,52,44,8,True,No,1,0,False,[],[1],[1],1,[1],[1],1,2.1901
Q332,52,44,8,True,No,1,0,False,[],[1],[1],1,[1],[1],1,2.24
Q333,52,44,8,True,No,1,0,True,[2],[2],[2],2,[2],[2],2,2.3936
Q334,52,44,8,True,No,2,0,False,[],[1],[1],1,[1],[1],1,2.1582
Q335,52,44,8,True,No,1,0,False,[],[1],[1],1,[1],[1],1,2.2649
Q336,24,16,8,True,Maybe,0,0,False,[],[1],[1],1,[1],[1],1,2.5971
Q337,52,44,8,True,No,1,0,False,[],[1],[1],1,[1],[1],1,2.4086
Q338,52,44,8,True,No,2,0,False,[],[1],[1],1,[1],[1],1,2.5422
Q339,52,44,8,True,No,2,0,True,[4],[4],[4],4,[4],[4],4,2.62
Q34,44,36,8,True,No,1,1,True,[4],[4],[4],4,[4],[4],4,2.618
Q340,52,44,8,True,No,2,0,False,[],[1],[1],1,[1],[1],1,2.609
Q341,52,44,8,True,No,2,0,False,[],[1],[1],1,[1],[1],1,2.617
Q342,52,44,8,True,No,2,0,False,[],[1],[1],1,[1],[1],1,2.6519
Q343,52,44,8,True,No,0,0,False,[],[1],[1],1,[1],[1],1,2.3597
Q344,52,44,8,True,No,1,0,False,[],[1],[1],1,[1],[1],1,2.6539
Q345,52,44,8,True,No,1,0,False,[],[1],[1],1,[1],[1],1,2.9391
Q346,52,44,8,True,No,1,0,False,[],[1],[1],1,[1],[1],1,2.3607
Q347,52,44,8,True,No,1,0,False,[],[1],[1],1,[1],[1],1,2.2969
Q348,52,44,8,True,No,1,0,False,[],[1],[1],1,[1],[1],1,2.4375
Q349,52,44,8,True,No,1,0,False,[],[1],[1],1,[1],[1],1,2.8424
Q35,44,36,8,True,No,1,0,False,[],[1],[1],1,[1],[1],1,2.4494
Q350,52,44,8,True,No,1,0,False,[],[1],[1],1,[1],[1],1,2.4644
Q351,24,16,8,True,No,1,0,False,[],[1],[1],1,[1],[1],1,2.4624
Q352,52,44,8,True,No,1,0,False,[],[1],[1],1,[1],[1],1,2.4245
Q353,52,44,8,True,No,1,0,False,[],[1],[1],1,[1],[1],1,2.2889
Q354,52,44,8,True,No,1,0,False,[],[1],[1],1,[1],[1],1,2.3198
Q355,52,44,8,True,No,1,0,False,[],[1],[1],1,[1],[1],1,2.6878
Q356,52,44,8,True,No,1,2,True,[2],[2],[2],2,[2],[2],2,2.627
Q357,52,44,8,True,No,2,0,False,[],[1],[1],1,[1],[1],1,2.3916
Q358,52,44,8,True,No,1,0,False,[],[1],[1],1,[1],[1],1,2.3836
Q359,52,44,8,True,No,1,0,False,[],[1],[1],1,[1],[1],1,2.4893
Q36,44,36,8,True,No,1,0,False,[],[1],[1],1,[1],[1],1,2.5921
Q360,52,44,8,True,No,1,0,False,[],[1],[1],1,[1],[1],1,2.5542
Q361,52,44,8,True,No,1,0,False,[],[1],[1],1,[1],[1],1,2.6449
Q362,52,44,8,True,No,2,0,False,[],[1],[1],1,[1],[1],1,2.9621
Q363,52,44,8,True,No,1,1,True,[2],[2],[2],2,[2],[2],2,3.4956
Q364,52,44,8,True,No,2,0,False,[],[1],[1],1,[1],[1],1,3.2314
Q365,52,44,8,True,No,1,0,False,[],[1],[1],1,[1],[1],1,3.4009
Q366,24,16,8,True,No,1,0,False,[],[1],[1],1,[1],[1],1,3.4508
Q367,52,44,8,True,No,1,0,False,[],[1],[1],1,[1],[1],1,3.2872
Q368,52,44,8,True,No,2,0,False,[],[1],[1],1,[1],[1],1,3.0209
Q369,52,44,8,True,No,2,0,False,[],[1],[1],1,[1],[1],1,3.0967
Q37,46,38,8,True,No,2,0,False,[],[1],[1],1,[1],[1],1,2.8045
Q370,52,44,8,True,No,2,0,False,[],[1],[1],1,[1],[1],1,2.6788
Q371,52,44,8,True,No,2,0,False,[],[1],[1],1,[1],[1],1,2.6589
Q372,52,44,8,True,No,2,0,False,[],[1],[1],1,[1],[1],1,2.6729
Q373,52,44,8,True,No,1,0,False,[],[1],[1],1,[1],[1],1,2.4205
Q374,52,44,8,True,No,1,0,False,[],[1],[1],1,[1],[1],1,2.4275
Q375,52,44,8,True,No,1,0,False,[],[1],[1],1,[1],[1],1,2.3058
Q376,52,44,8,True,No,1,0,False,[],[1],[1],1,[1],[1],1,2.599
Q377,52,44,8,True,No,1,0,False,[],[1],[1],1,[1],[1],1,2.5412
Q378,52,44,8,True,No,1,0,False,[],[1],[1],1,[1],[1],1,2.632
Q379,52,44,8,True,No,1,0,False,[],[1],[1],1,[1],[1],1,2.6908
Q38,43,35,8,True,No,1,1,True,[4],[4],[4],4,[4],[4],4,2.6589
Q380,52,44,8,True,No,1,0,False,[],[1],[1],1,[1],[1],1,2.4923
Q381,52,44,8,True,No,1,0,False,[],[1],[1],1,[1],[1],1,2.4514
Q382,52,44,8,True,No,1,0,False,[],[1],[1],1,[1],[1],1,2.3118
Q383,52,44,8,True,No,1,0,False,[],[1],[1],1,[1],[1],1,2.5213
Q384,52,44,8,True,No,1,0,False,[],[1],[1],1,[1],[1],1,2.2869
Q385,52,44,8,True,No,1,0,True,[2],[2],[2],2,[2],[2],2,2.5552
Q386,52,44,8,True,No,1,0,False,[],[1],[1],1,[1],[1],1,2.1602
Q387,52,44,8,True,No,1,1,True,[2],[2],[2],2,[2],[2],2,2.3657
Q388,52,44,8,True,No,1,0,False,[],[1],[1],1,[1],[1],1,2.5422
Q389,52,44,8,True,No,1,0,False,[],[1],[1],1,[1],[1],1,2.5971
Q39,44,36,8,True,No,1,0,False,[],[1],[1],1,[1],[1],1,2.599
Q390,52,44,8,True,No,1,0,False,[],[1],[1],1,[1],[1],1,2.5621
Q391,52,44,8,True,No,1,0,False,[],[1],[1],1,[1],[1],1,2.3627
Q392,52,44,8,True,No,1,0,False,[],[1],[1],1,[1],[1],1,2.8264
Q393,52,44,8,True,No,1,0,False,[],[1],[1],1,[1],[1],1,2.5861
Q394,52,44,8,True,No,1,2,True,[2],[2],[2],2,[2],[2],2,2.9212
Q395,52,44,8,True,No,1,1,True,[7],[7],[7],7,[7],[7],7,2.602
Q396,52,44,8,True,No,1,0,False,[],[1],[1],1,[1],[1],1,2.4794
Q397,52,44,8,True,No,1,0,False,[],[1],[1],1,[1],[1],1,2.6539
Q398,52,44,8,True,No,1,0,False,[],[1],[1],1,[1],[1],1,2.2929
Q399,52,44,8,True,No,1,0,False,[],[1],[1],1,[1],[1],1,2.6848
Q4,44,36,8,True,No,1,0,False,[],[1],[1],1,[1],[1],1,2.4953
Q40,44,36,8,True,No,1,0,False,[],[1],[1],1,[1],[1],1,2.4903
Q400,52,44,8,True,No,1,0,False,[],[1],[1],1,[1],[1],1,2.3597
Q401,52,44,8,True,No,1,0,False,[],[1],[1],1,[1],[1],1,2.2131
Q402,52,44,8,True,No,1,0,False,[],[1],[1],1,[1],[1],1,2.3986
Q403,52,44,8,True,No,1,0,True,[2],[2],[2],2,[2],[2],2,2.4654
Q404,52,44,8,True,No,1,1,True,"[4, 8]","[4, 8]",[4],4,[8],[8],8,2.4774
Q405,52,44,8,True,No,1,0,False,[],[1],[1],1,[1],[1],1,2.2699
Q406,52,44,8,True,No,1,0,True,[2],[2],[2],2,[2],[2],2,2.3457
Q407,52,44,8,True,No,1,0,False,[],[1],[1],1,[1],[1],1,2.2759
Q408,52,44,8,True,No,1,0,True,[2],[2],[2],2,[2],[2],2,2.246
Q409,52,44,8,True,No,1,0,False,[],[1],[1],1,[1],[1],1,2.24
Q41,44,36,8,True,No,1,0,False,[],[1],[1],1,[1],[1],1,2.1812
Q410,52,44,8,True,No,1,0,False,[],[1],[1],1,[1],[1],1,2.0814
Q411,52,44,8,True,No,1,0,False,[],[1],[1],1,[1],[1],1,2.2111
Q412,52,44,8,True,No,1,0,True,[2],[2],[2],2,[2],[2],2,2.2669
Q413,52,44,8,True,No,1,0,False,[],[1],[1],1,[1],[1],1,2.3367
Q414,52,44,8,True,No,1,2,True,[2],[2],[2],2,[2],[2],2,2.1632
Q415,52,44,8,True,No,1,0,True,[2],[2],[2],2,[2],[2],2,2.1522
Q416,52,44,8,True,No,0,0,True,[2],[2],[2],2,[2],[2],2,2.2161
Q417,52,44,8,True,No,1,0,False,[],[1],[1],1,[1],[1],1,2.0984
Q418,52,44,8,True,No,1,0,False,[],[1],[1],1,[1],[1],1,2.1443
Q419,52,44,8,True,No,1,0,False,[],[1],[1],1,[1],[1],1,2.1782
Q42,44,36,8,True,No,0,0,True,[2],[2],[2],2,[2],[2],2,2.1313
Q420,52,44,8,True,No,1,0,True,[2],[2],[2],2,[2],[2],2,2.1782
Q421,52,44,8,True,No,1,0,True,[3],[3],[3],3,[3],[3],3,2.255
Q422,52,44,8,True,No,1,0,False,[],[1],[1],1,[1],[1],1,2.0495
Q423,52,44,8,True,No,2,0,False,[],[1],[1],1,[1],[1],1,2.3487
Q424,52,44,8,True,No,1,0,False,[],[1],[1],1,[1],[1],1,2.0994
Q425,52,44,8,True,No,2,0,False,[],[1],[1],1,[1],[1],1,2.3028
Q426,34,26,8,True,No,1,0,False,[],[1],[1],1,[1],[1],1,2.4455
Q427,34,26,8,True,No,0,0,False,[],[1],[1],1,[1],[1],1,2.2191
Q428,34,26,8,True,No,1,0,False,[],[1],[1],1,[1],[1],1,2.1163
Q429,34,26,8,True,No,1,0,False,[],[1],[1],1,[1],[1],1,2.2769
Q43,44,36,8,True,No,0,2,True,[2],[2],[2],2,[2],[2],2,2.2979
Q430,34,26,8,True,No,1,0,False,[],[1],[1],1,[1],[1],1,2.3836
Q431,52,44,8,True,No,1,0,False,[],[1],[1],1,[1],[1],1,2.251
Q432,52,44,8,True,No,1,1,True,"[4, 8]","[4, 8]",[4],4,[8],[8],8,2.3986
Q433,52,44,8,True,No,1,1,True,"[4, 2, 8]","[4, 2, 8]",[4],4,[8],[8],8,2.1911
Q434,52,44,8,True,No,1,1,True,"[4, 8, 12]","[4, 8, 12]",[4],4,"[12, 8]",[12],12,2.1153
Q435,52,44,8,True,No,1,0,True,"[4, 2]","[4, 2]",[4],4,[4],[4],4,2.1852
Q436,52,44,8,True,No,1,1,True,"[4, 8]","[4, 8]",[4],4,[8],[8],8,2.3667
Q437,52,44,8,True,No,1,1,True,"[4, 8, 12]","[4, 8, 12]",[4],4,"[12, 8]",[12],12,2.3407
Q438,52,44,8,True,No,1,1,True,"[4, 8]","[4, 8]",[4],4,[8],[8],8,2.2739
Q439,52,44,8,True,No,1,1,True,[4],[4],[4],4,[4],[4],4,2.4445
Q44,44,36,8,True,No,1,0,False,[],[1],[1],1,[1],[1],1,2.238
Q440,52,44,8,True,No,1,1,True,"[4, 8, 12]","[4, 8, 12]",[4],4,"[12, 8]",[12],12,2.1512
Q441,52,44,8,True,No,1,0,True,[4],[4],[4],4,[4],[4],4,2.2031
Q442,52,44,8,True,No,2,1,True,"[4, 8]","[4, 8]",[4],4,[8],[8],8,2.6818
Q443,52,44,8,True,No,1,1,True,"[4, 8, 12]","[4, 8, 12]",[4],4,"[12, 8]",[12],12,2.2709
Q444,52,44,8,True,No,2,1,True,"[4, 8]","[4, 8]",[4],4,[8],[8],8,2.4484
Q445,52,44,8,True,No,1,1,True,"[4, 8]","[4, 8]",[4],4,[8],[8],8,2.6539
Q446,52,44,8,True,No,1,1,True,[4],[4],[4],4,[4],[4],4,2.3966
Q447,52,44,8,True,No,1,1,True,[4],[4],[4],4,[4],[4],4,2.4355
Q448,52,44,8,True,No,1,1,True,"[2, 4]","[2, 4]",[2],2,[4],[4],4,2.4475
Q449,52,44,8,True,No,1,0,True,"[4, 8]","[4, 8]",[4],4,[8],[8],8,2.2799
Q45,44,36,8,True,No,2,0,False,[],[1],[1],1,[1],[1],1,2.3547
Q450,52,44,8,True,No,1,1,True,"[2, 4]","[2, 4]",[2],2,[4],[4],4,2.4694
Q451,52,44,8,True,No,1,1,True,"[4, 8]","[4, 8]",[4],4,[8],[8],8,2.5582
Q452,52,44,8,True,No,1,1,True,"[4, 8]","[4, 8]",[4],4,[8],[8],8,2.3377
Q453,52,44,8,True,No,1,1,True,"[4, 8]","[4, 8]",[4],4,[8],[8],8,2.4554
Q454,52,44,8,True,No,1,1,True,"[4, 8, 12]","[4, 8, 12]",[4],4,"[12, 8]",[12],12,2.4195
Q455,52,44,8,True,No,1,1,True,"[4, 8]","[4, 8]",[4],4,[8],[8],8,2.4016
Q456,52,44,8,True,No,2,1,True,"[2, 4]","[2, 4]",[2],2,[4],[4],4,2.4514
Q457,52,44,8,True,No,1,1,True,"[4, 8]","[4, 8]",[4],4,[8],[8],8,2.258
Q458,52,44,8,True,No,2,1,True,"[4, 8]","[4, 8]",[4],4,[8],[8],8,2.3786
Q459,52,44,8,True,No,2,1,True,"[2, 4]","[2, 4]",[2],2,[4],[4],4,2.4066
Q46,44,36,8,True,No,1,0,False,[],[1],[1],1,[1],[1],1,2.24
Q460,52,44,8,True,No,1,1,True,"[4, 8, 12]","[4, 8, 12]",[4],4,"[12, 8]",[12],12,2.2759
Q461,52,44,8,True,No,1,1,True,"[4, 8, 12]","[4, 8, 12]",[4],4,"[12, 8]",[12],12,2.3976
Q462,52,44,8,True,No,1,0,False,[],[1],[1],1,[1],[1],1,2.2181
Q463,52,44,8,True,No,1,0,False,[],[1],[1],1,[1],[1],1,2.3258
Q464,52,44,8,True,No,1,0,False,[],[1],[1],1,[1],[1],1,2.3776
Q465,52,44,8,True,No,1,0,False,[],[1],[1],1,[1],[1],1,2.4125
Q466,52,44,8,True,No,1,0,False,[],[1],[1],1,[1],[1],1,2.5562
Q467,52,44,8,True,No,1,1,True,[2],[2],[2],2,[2],[2],2,2.5193
Q468,52,44,8,True,No,1,0,False,[],[1],[1],1,[1],[1],1,2.3338
Q469,52,44,8,True,No,1,0,False,[],[1],[1],1,[1],[1],1,2.4734
Q47,44,36,8,True,No,1,1,True,[4],[4],[4],4,[4],[4],4,2.3537
Q470,52,44,8,True,No,1,0,False,[],[1],[1],1,[1],[1],1,2.3298
Q471,52,44,8,True,No,1,0,False,[],[1],[1],1,[1],[1],1,2.239
Q472,52,44,8,True,No,1,0,False,[],[1],[1],1,[1],[1],1,2.4534
Q473,52,44,8,True,No,1,0,False,[],[1],[1],1,[1],[1],1,2.5961
Q474,52,44,8,True,No,1,0,False,[],[1],[1],1,[1],[1],1,2.4355
Q475,52,44,8,True,No,1,0,False,[],[1],[1],1,[1],[1],1,2.6609
Q476,52,44,8,True,No,1,0,False,[],[1],[1],1,[1],[1],1,2.3268
Q477,52,44,8,True,No,1,0,False,[],[1],[1],1,[1],[1],1,2.2839
Q478,52,44,8,True,No,0,2,True,[2],[2],[2],2,[2],[2],2,2.3188
Q479,52,44,8,True,No,0,2,True,[2],[2],[2],2,[2],[2],2,2.3786
Q48,44,36,8,True,No,1,0,False,[],[1],[1],1,[1],[1],1,2.3986
Q480,52,44,8,True,No,1,0,False,[],[1],[1],1,[1],[1],1,2.2221
Q481,52,44,8,True,No,1,0,False,[],[1],[1],1,[1],[1],1,2.3966
Q482,52,44,8,True,No,1,0,False,[],[1],[1],1,[1],[1],1,2.1692
Q483,52,44,8,True,No,1,0,False,[],[1],[1],1,[1],[1],1,2.1712
Q484,52,44,8,True,No,1,0,False,[],[1],[1],1,[1],[1],1,2.3028
Q485,52,44,8,True,No,1,0,False,[],[1],[1],1,[1],[1],1,2.3627
Q486,52,44,8,True,No,1,0,False,[],[1],[1],1,[1],[1],1,2.1991
Q487,52,44,8,True,No,1,0,False,[],[1],[1],1,[1],[1],1,2.3846
Q488,52,44,8,True,No,1,0,False,[],[1],[1],1,[1],[1],1,2.2969
Q489,52,44,8,True,No,1,0,False,[],[1],[1],1,[1],[1],1,2.3328
Q49,44,36,8,True,No,1,0,False,[],[1],[1],1,[1],[1],1,2.1183
Q490,52,44,8,True,No,1,0,False,[],[1],[1],1,[1],[1],1,2.236
Q491,52,44,8,True,No,1,0,False,[],[1],[1],1,[1],[1],1,2.3936
Q492,52,44,8,True,No,1,0,False,[],[1],[1],1,[1],[1],1,2.3756
Q493,52,44,8,True,No,0,1,True,[2],[2],[2],2,[2],[2],2,2.3966
Q494,52,44,8,True,No,1,1,True,[3],[3],[3],3,[3],[3],3,2.3567
Q495,52,44,8,True,No,1,0,False,[],[1],[1],1,[1],[1],1,2.3687
Q496,52,44,8,True,No,1,2,True,[2],[2],[2],2,[2],[2],2,2.6868
Q497,52,44,8,True,No,1,0,False,[],[1],[1],1,[1],[1],1,2.4355
Q498,52,44,8,True,No,1,2,True,[2],[2],[2],2,[2],[2],2,2.5961
Q499,52,44,8,True,No,1,0,False,[],[1],[1],1,[1],[1],1,2.5462
Q5,44,36,8,True,No,2,0,False,[],[1],[1],1,[1],[1],1,2.1532
Q50,44,36,8,True,Yes,0,0,False,[],[1],[1],1,[1],[1],1,2.3776
Q500,52,44,8,True,No,1,0,False,[],[1],[1],1,[1],[1],1,2.4235
Q501,52,44,8,True,No,1,0,False,[],[1],[1],1,[1],[1],1,2.4195
Q502,52,44,8,True,No,1,0,False,[],[1],[1],1,[1],[1],1,2.3158
Q503,52,44,8,True,No,1,1,True,[2],[2],[2],2,[2],[2],2,2.2849
Q504,24,16,8,True,Maybe,1,0,False,[],[1],[1],1,[1],[1],1,2.1532
Q505,24,16,8,True,No,1,0,True,[4],[4],[4],4,[4],[4],4,2.261
Q506,24,16,8,True,Yes,0,0,False,[],[1],[1],1,[1],[1],1,2.0864
Q507,24,16,8,True,No,1,0,False,[],[1],[1],1,[1],[1],1,2.3138
Q508,24,16,8,True,No,1,0,False,[],[1],[1],1,[1],[1],1,1.9199
Q509,24,16,8,True,No,1,1,True,[4],[4],[4],4,[4],[4],4,2.3417
Q51,46,38,8,True,No,0,0,True,[2],[2],[2],2,[2],[2],2,2.0994
Q510,24,16,8,True,No,0,0,False,[],[1],[1],1,[1],[1],1,2.0984
Q511,24,16,8,True,Maybe,0,0,False,[],[1],[1],1,[1],[1],1,2.233
Q512,24,16,8,True,Maybe,1,0,False,[],[1],[1],1,[1],[1],1,2.1044
Q513,24,16,8,True,Maybe,1,0,False,[],[1],[1],1,[1],[1],1,2.1493
Q514,24,16,8,True,Maybe,0,0,False,[],[1],[1],1,[1],[1],1,1.9957
Q515,24,16,8,True,No,1,0,False,[],[1],[1],1,[1],[1],1,2.0076
Q516,24,16,8,True,No,1,0,False,[],[1],[1],1,[1],[1],1,2.2639
Q517,24,16,8,True,No,1,0,False,[],[1],[1],1,[1],[1],1,2.1183
Q518,24,16,8,True,No,1,0,False,[],[1],[1],1,[1],[1],1,2.3288
Q519,24,16,8,True,No,1,0,False,[],[1],[1],1,[1],[1],1,2.253
Q52,44,36,8,True,No,1,1,True,[4],[4],[4],4,[4],[4],4,2.1084
Q520,24,16,8,True,No,1,0,False,[],[1],[1],1,[1],[1],1,2.1293
Q521,24,16,8,True,No,1,0,False,[],[1],[1],1,[1],[1],1,2.1173
Q522,24,16,8,True,Yes,1,0,False,[],[1],[1],1,[1],[1],1,1.9987
Q523,24,16,8,True,No,1,1,True,[4],[4],[4],4,[4],[4],4,2.1114
Q524,24,16,8,True,Maybe,1,0,False,[],[1],[1],1,[1],[1],1,2.0236
Q525,24,16,8,True,No,1,0,False,[],[1],[1],1,[1],[1],1,2.4963
Q526,24,16,8,True,No,0,1,True,[2],[2],[2],2,[2],[2],2,2.2191
Q527,24,16,8,True,No,1,1,True,[4],[4],[4],4,[4],[4],4,2.1183
Q528,24,16,8,True,Yes,1,0,False,[],[1],[1],1,[1],[1],1,2.243
Q529,24,16,8,True,Yes,1,0,False,[],[1],[1],1,[1],[1],1,2.225
Q53,44,36,8,True,No,1,0,False,[],[1],[1],1,[1],[1],1,2.0984
Q530,24,16,8,True,Maybe,0,0,False,[],[1],[1],1,[1],[1],1,2.1223
Q531,24,16,8,True,Yes,0,1,True,[4],[4],[4],4,[4],[4],4,2.2859
Q532,24,16,8,True,Yes,1,1,True,[4],[4],[4],4,[4],[4],4,2.1822
Q533,24,16,8,True,Maybe,0,1,True,[4],[4],[4],4,[4],[4],4,2.1133
Q534,24,16,8,True,Yes,0,0,False,[],[1],[1],1,[1],[1],1,2.1323
Q535,24,16,8,True,Maybe,0,2,True,[2],[2],[2],2,[2],[2],2,1.9578
Q536,24,16,8,True,Maybe,0,0,False,[],[1],[1],1,[1],[1],1,2.1662
Q537,24,16,8,True,Yes,0,1,True,[4],[4],[4],4,[4],[4],4,2.2919
Q538,24,16,8,True,Yes,0,1,True,[4],[4],[4],4,[4],[4],4,2.241
Q539,24,16,8,True,No,1,1,True,[4],[4],[4],4,[4],[4],4,2.1463
Q54,44,36,8,True,No,1,0,False,[],[1],[1],1,[1],[1],1,2.0804
Q540,24,16,8,True,Maybe,1,0,False,[],[1],[1],1,[1],[1],1,2.1662
Q541,24,16,8,True,Maybe,1,0,False,[],[1],[1],1,[1],[1],1,2.1193
Q542,24,16,8,True,No,0,0,False,[],[1],[1],1,[1],[1],1,2.0385
Q543,24,16,8,True,No,0,0,False,[],[1],[1],1,[1],[1],1,2.1243
Q544,24,16,8,True,Yes,1,0,False,[],[1],[1],1,[1],[1],1,2.0445
Q545,24,16,8,True,Yes,1,0,False,[],[1],[1],1,[1],[1],1,2.241
Q546,24,16,8,True,Yes,0,0,False,[],[1],[1],1,[1],[1],1,2.2789
Q547,24,16,8,True,Yes,1,1,True,[4],[4],[4],4,[4],[4],4,2.1313
Q548,24,16,8,True,Maybe,1,0,False,[],[1],[1],1,[1],[1],1,2.0904
Q549,24,16,8,True,No,0,0,False,[],[1],[1],1,[1],[1],1,2.3158
Q55,44,36,8,True,No,1,0,False,[],[1],[1],1,[1],[1],1,2.3746
Q550,52,44,8,True,No,1,0,False,[],[1],[1],1,[1],[1],1,2.3966
Q551,52,44,8,True,No,2,0,False,[],[1],[1],1,[1],[1],1,2.3008
Q552,52,44,8,True,No,0,1,True,[2],[2],[2],2,[2],[2],2,2.1682
Q553,52,44,8,True,No,0,0,True,"[2, 3]","[2, 3]",[2],2,"[2, 3]",[2],2,2.258
Q554,52,44,8,True,No,1,0,False,[],[1],[1],1,[1],[1],1,2.2081
Q555,52,44,8,True,No,1,0,False,[],[1],[1],1,[1],[1],1,2.2071
Q556,52,44,8,True,No,2,0,False,[],[1],[1],1,[1],[1],1,2.0575
Q557,52,44,8,True,No,1,2,True,[2],[2],[2],2,[2],[2],2,2.1682
Q558,52,44,8,True,No,2,0,False,[],[1],[1],1,[1],[1],1,2.0655
Q559,52,44,8,True,No,2,0,False,[],[1],[1],1,[1],[1],1,2.1522
Q56,44,36,8,True,No,0,2,True,[2],[2],[2],2,[2],[2],2,2.1901
Q560,52,44,8,True,No,1,0,False,[],[1],[1],1,[1],[1],1,2.0755
Q561,52,44,8,True,No,1,0,False,[],[1],[1],1,[1],[1],1,2.232
Q562,52,44,8,True,No,1,0,False,[],[1],[1],1,[1],[1],1,2.1592
Q563,52,44,8,True,No,1,0,False,[],[1],[1],1,[1],[1],1,2.0874
Q564,52,44,8,True,No,1,0,False,[],[1],[1],1,[1],[1],1,2.1662
Q565,52,44,8,True,No,1,0,False,[],[1],[1],1,[1],[1],1,2.0485
Q566,51,43,8,True,No,1,1,True,"[4, 8]","[4, 8]",[4],4,[8],[8],8,2.1732
Q567,49,41,8,True,No,1,1,True,"[4, 8]","[4, 8]",[4],4,[8],[8],8,2.2141
Q568,49,41,8,True,No,2,1,True,"[4, 2]","[4, 2]",[4],4,[4],[4],4,2.1323
Q569,49,41,8,True,No,1,1,True,"[4, 8]","[4, 8]",[4],4,[8],[8],8,2.1283
Q57,45,37,8,True,No,0,1,True,[4],[4],[4],4,[4],[4],4,2.0316
Q570,52,44,8,True,No,1,1,True,"[4, 8]","[4, 8]",[4],4,[8],[8],8,2.0834
Q571,49,41,8,True,No,1,1,True,[4],[4],[4],4,[4],[4],4,2.1333
Q572,49,41,8,True,No,2,1,True,"[4, 2]","[4, 2]",[4],4,[4],[4],4,2.2121
Q573,49,41,8,True,No,1,1,True,"[4, 8]","[4, 8]",[4],4,[8],[8],8,2.0824
Q574,52,44,8,True,No,2,0,True,"[4, 8]","[4, 8]",[4],4,[8],[8],8,2.1173
Q575,52,44,8,True,No,1,0,False,[],[1],[1],1,[1],[1],1,2.0854
Q576,52,44,8,True,No,2,0,False,[],[1],[1],1,[1],[1],1,2.1483
Q577,52,44,8,True,No,2,0,False,[],[1],[1],1,[1],[1],1,2.1443
Q578,52,44,8,True,No,2,0,False,[],[1],[1],1,[1],[1],1,1.9508
Q579,52,44,8,True,No,2,0,False,[],[1],[1],1,[1],[1],1,2.1443
Q58,45,37,8,True,No,1,0,False,[],[1],[1],1,[1],[1],1,2.1682
Q580,52,44,8,True,No,0,2,True,"[2, 3]","[2, 3]",[2],2,"[2, 3]",[2],2,2.0605
Q581,52,44,8,True,No,2,0,False,[],[1],[1],1,[1],[1],1,2.256
Q582,52,44,8,True,No,2,0,False,[],[1],[1],1,[1],[1],1,2.2869
Q583,52,44,8,True,No,1,0,False,[],[1],[1],1,[1],[1],1,2.3148
Q584,52,44,8,True,No,2,0,False,[],[1],[1],1,[1],[1],1,2.3447
Q585,53,45,8,True,No,1,0,False,[],[1],[1],1,[1],[1],1,2.2989
Q586,53,45,8,True,No,2,0,False,[],[1],[1],1,[1],[1],1,2.1034
Q587,53,45,8,True,No,1,0,False,[],[1],[1],1,[1],[1],1,2.3936
Q588,53,45,8,True,No,1,0,False,[],[1],[1],1,[1],[1],1,2.4235
Q589,53,45,8,True,No,1,0,False,[],[1],[1],1,[1],[1],1,2.1822
Q59,44,36,8,True,No,1,0,False,[],[1],[1],1,[1],[1],1,2.1802
Q590,53,45,8,True,No,1,0,False,[],[1],[1],1,[1],[1],1,2.3457
Q591,53,45,8,True,No,2,0,False,[],[1],[1],1,[1],[1],1,2.3058
Q592,53,45,8,True,No,1,0,False,[],[1],[1],1,[1],[1],1,2.3208
Q593,53,45,8,True,No,1,0,False,[],[1],[1],1,[1],[1],1,2.0505
Q594,53,45,8,True,No,1,0,True,[2],[2],[2],2,[2],[2],2,2.0715
Q595,53,45,8,True,No,1,0,False,[],[1],[1],1,[1],[1],1,2.0026
Q596,53,45,8,True,No,1,1,True,[3],[3],[3],3,[3],[3],3,2.4734
Q597,52,44,8,True,No,1,0,False,[],[1],[1],1,[1],[1],1,2.3966
Q598,53,45,8,True,No,1,0,False,[],[1],[1],1,[1],[1],1,2.3208
Q599,52,44,8,True,No,1,0,False,[],[1],[1],1,[1],[1],1,2.1642
Q6,44,36,8,True,No,0,0,False,[],[1],[1],1,[1],[1],1,2.236
Q60,44,36,8,True,No,1,0,False,[],[1],[1],1,[1],[1],1,2.2879
Q600,52,44,8,True,No,1,0,False,[],[1],[1],1,[1],[1],1,2.4564
Q601,52,44,8,True,No,1,0,False,[],[1],[1],1,[1],[1],1,2.3946
Q602,52,44,8,True,No,1,0,False,[],[1],[1],1,[1],[1],1,2.8105
Q603,53,45,8,True,No,0,0,False,[],[1],[1],1,[1],[1],1,2.4195
Q604,52,44,8,True,No,0,0,False,[],[1],[1],1,[1],[1],1,2.5691
Q605,52,44,8,True,No,1,0,False,[],[1],[1],1,[1],[1],1,2.6609
Q606,53,45,8,True,No,1,0,False,[],[1],[1],1,[1],[1],1,2.8703
Q607,53,45,8,True,No,1,0,False,[],[1],[1],1,[1],[1],1,2.7147
Q608,53,45,8,True,No,1,0,False,[],[1],[1],1,[1],[1],1,2.6479
Q609,53,45,8,True,No,1,0,False,[],[1],[1],1,[1],[1],1,2.5661
Q61,43,35,8,True,No,1,0,False,[],[1],[1],1,[1],[1],1,2.4514
Q610,53,45,8,True,No,1,0,False,[],[1],[1],1,[1],[1],1,2.5462
Q611,53,45,8,True,No,1,0,False,[],[1],[1],1,[1],[1],1,2.6419
Q612,53,45,8,True,No,1,0,False,[],[1],[1],1,[1],[1],1,2.4664
Q613,53,45,8,True,No,0,0,True,[2],[2],[2],2,[2],[2],2,2.5342
Q614,53,45,8,True,No,1,0,False,[],[1],[1],1,[1],[1],1,2.5731
Q615,53,45,8,True,No,1,0,False,[],[1],[1],1,[1],[1],1,2.3427
Q616,53,45,8,True,No,1,0,False,[],[1],[1],1,[1],[1],1,2.8015
Q617,53,45,8,True,No,1,0,False,[],[1],[1],1,[1],[1],1,2.6459
Q618,53,45,8,True,No,1,0,False,[],[1],[1],1,[1],[1],1,2.5133
Q619,53,45,8,True,No,1,0,False,[],[1],[1],1,[1],[1],1,2.5761
Q62,43,35,8,True,No,1,0,False,[],[1],[1],1,[1],[1],1,2.4704
Q620,53,45,8,True,No,1,0,False,[],[1],[1],1,[1],[1],1,2.4834
Q621,53,45,8,True,No,1,0,False,[],[1],[1],1,[1],[1],1,2.3707
Q622,53,45,8,True,No,1,0,False,[],[1],[1],1,[1],[1],1,2.4574
Q623,53,45,8,True,No,1,0,True,[2],[2],[2],2,[2],[2],2,2.3856
Q624,35,27,8,True,No,2,0,False,[],[1],[1],1,[1],[1],1,2.243
Q625,35,27,8,True,No,2,0,False,[],[1],[1],1,[1],[1],1,2.1443
Q626,35,27,8,True,No,1,0,False,[],[1],[1],1,[1],[1],1,2.1592
Q627,35,27,8,True,No,1,0,False,[],[1],[1],1,[1],[1],1,2.1792
Q628,44,36,8,True,No,2,1,True,"[2, 4]","[2, 4]",[2],2,[4],[4],4,2.244
Q629,66,58,8,True,No,1,0,True,[4],[4],[4],4,[4],[4],4,2.5641
Q63,43,35,8,True,No,2,1,True,[3],[3],[3],3,[3],[3],3,2.4405
Q630,66,58,8,True,No,1,0,False,[],[1],[1],1,[1],[1],1,2.0655
Q631,66,58,8,True,No,1,0,True,[4],[4],[4],4,[4],[4],4,2.3108
Q632,66,58,8,True,No,1,0,True,"[4, 8]","[4, 8]",[4],4,[8],[8],8,2.3158
Q633,64,56,8,True,No,0,0,True,"[2, 3]","[2, 3]",[2],2,"[2, 3]",[2],2,2.3437
Q634,66,58,8,True,No,0,0,True,[4],[4],[4],4,[4],[4],4,2.3038
Q635,61,53,8,True,No,1,0,True,[4],[4],[4],4,[4],[4],4,2.2969
Q636,66,58,8,True,No,1,0,True,[4],[4],[4],4,[4],[4],4,2.2719
Q637,39,31,8,True,No,1,0,False,[],[1],[1],1,[1],[1],1,2.1054
Q638,39,31,8,True,No,0,0,False,[],[1],[1],1,[1],[1],1,2.254
Q639,43,35,8,True,No,1,0,False,[],[1],[1],1,[1],[1],1,2.228
Q64,43,35,8,True,No,1,0,True,[8],[8],[8],8,[8],[8],8,2.3018
Q640,39,31,8,True,No,1,0,False,[],[1],[1],1,[1],[1],1,2.0874
Q641,39,31,8,True,No,1,0,False,[],[1],[1],1,[1],[1],1,2.229
Q642,43,35,8,True,No,1,0,False,[],[1],[1],1,[1],[1],1,2.1433
Q643,51,43,8,True,No,0,0,True,[2],[2],[2],2,[2],[2],2,2.0635
Q644,43,35,8,True,No,1,0,False,[],[1],[1],1,[1],[1],1,2.2659
Q645,39,31,8,True,No,1,0,False,[],[1],[1],1,[1],[1],1,2.0685
Q646,63,55,8,True,No,0,0,True,"[2, 3, 4]","[2, 3, 4]",[2],2,"[4, 3]",[4],4,2.3188
Q647,39,31,8,True,No,1,0,False,[],[1],[1],1,[1],[1],1,2.1532
Q648,71,63,8,True,No,0,0,True,"[2, 3, 4]","[2, 3, 4]",[2],2,"[4, 3]",[4],4,2.24
Q649,39,31,8,True,No,1,0,False,[],[1],[1],1,[1],[1],1,2.2689
Q65,43,35,8,True,No,1,0,False,[],[1],[1],1,[1],[1],1,2.1512
Q650,39,31,8,True,No,1,0,False,[],[1],[1],1,[1],[1],1,2.1812
Q651,43,35,8,True,No,1,0,False,[],[1],[1],1,[1],[1],1,2.3288
Q652,39,31,8,True,No,1,0,False,[],[1],[1],1,[1],[1],1,2.238
Q653,39,31,8,True,No,0,0,False,[],[1],[1],1,[1],[1],1,2.4684
Q654,71,63,8,True,No,1,0,False,[],[1],[1],1,[1],[1],1,2.3926
Q655,39,31,8,True,No,1,0,False,[],[1],[1],1,[1],[1],1,2.6709
Q656,39,31,8,True,No,0,0,True,[2],[2],[2],2,[2],[2],2,2.3617
Q657,39,31,8,True,No,0,0,False,[],[1],[1],1,[1],[1],1,2.4883
Q658,39,31,8,True,No,0,0,False,[],[1],[1],1,[1],[1],1,2.7387
Q659,71,63,8,True,No,1,0,False,[],[1],[1],1,[1],[1],1,2.5711
Q66,44,36,8,True,No,1,0,False,[],[1],[1],1,[1],[1],1,2.4275
Q660,71,63,8,True,No,1,0,False,[],[1],[1],1,[1],[1],1,2.2709
Q661,62,54,8,True,No,0,0,True,"[2, 3]","[2, 3]",[2],2,"[2, 3]",[2],2,2.3358
Q662,71,63,8,True,No,1,0,False,[],[1],[1],1,[1],[1],1,2.4634
Q663,71,63,8,True,No,1,0,False,[],[1],[1],1,[1],[1],1,2.3457
Q664,52,44,8,True,No,1,0,False,[],[1],[1],1,[1],[1],1,2.5033
Q665,44,36,8,True,No,0,0,False,[],[1],[1],1,[1],[1],1,2.3687
Q666,70,62,8,True,No,0,2,True,"[2, 3]","[2, 3]",[2],2,"[2, 3]",[2],2,2.246
Q667,70,62,8,True,No,1,0,False,[],[1],[1],1,[1],[1],1,2.2151
Q668,49,41,8,True,No,0,0,True,"[2, 3]","[2, 3]",[2],2,"[2, 3]",[2],2,2.3367
Q669,46,38,8,True,No,0,2,True,"[2, 3]","[2, 3]",[2],2,"[2, 3]",[2],2,2.1503
Q67,44,36,8,True,No,0,0,True,[4],[4],[4],4,[4],[4],4,2.0326
Q670,50,42,8,True,No,1,0,False,[],[1],[1],1,[1],[1],1,2.1911
Q671,72,64,8,True,No,0,0,True,"[2, 3, 4]","[2, 3, 4]",[2],2,"[4, 3]",[4],4,2.2809
Q672,44,36,8,True,No,1,0,False,[],[1],[1],1,[1],[1],1,2.1094
Q673,56,48,8,True,No,1,0,False,[],[1],[1],1,[1],[1],1,2.0405
Q674,49,41,8,True,No,0,0,True,"[2, 3]","[2, 3]",[2],2,"[2, 3]",[2],2,2.0236
Q675,51,43,8,True,No,1,0,False,[],[1],[1],1,[1],[1],1,2.1712
Q676,59,51,8,True,No,1,0,True,[3],[3],[3],3,[3],[3],3,2.253
Q677,42,34,8,True,No,0,2,True,[2],[2],[2],2,[2],[2],2,2.1283
Q678,51,43,8,True,No,0,0,True,[2],[2],[2],2,[2],[2],2,2.0186
Q679,71,63,8,True,No,1,0,False,[],[1],[1],1,[1],[1],1,2.2191
Q68,44,36,8,True,No,1,1,True,"[4, 8]","[4, 8]",[4],4,[8],[8],8,2.1622
Q680,47,39,8,True,No,1,0,False,[],[1],[1],1,[1],[1],1,1.9737
Q681,44,36,8,True,No,1,0,False,[],[1],[1],1,[1],[1],1,2.26
Q682,39,31,8,True,No,1,0,False,[],[1],[1],1,[1],[1],1,2.2879
Q683,52,44,8,True,No,1,0,False,[],[1],[1],1,[1],[1],1,2.4654
Q684,52,44,8,True,No,1,0,False,[],[1],[1],1,[1],[1],1,2.4086
Q685,50,42,8,True,No,0,1,True,[2],[2],[2],2,[2],[2],2,2.3487
Q686,67,59,8,True,No,0,0,True,[2],[2],[2],2,[2],[2],2,2.3617
Q687,52,44,8,True,No,1,0,False,[],[1],[1],1,[1],[1],1,2.3328
Q688,37,29,8,True,No,0,0,False,[],[1],[1],1,[1],[1],1,2.0754
Q689,70,62,8,True,No,1,0,False,[],[1],[1],1,[1],[1],1,2.605
Q69,44,36,8,True,No,1,0,False,[],[1],[1],1,[1],[1],1,2.3966
Q690,58,50,8,True,No,0,0,True,[2],[2],[2],2,[2],[2],2,2.7526
Q691,53,45,8,True,No,1,0,False,[],[1],[1],1,[1],[1],1,2.5432
Q692,56,48,8,True,No,0,0,True,"[2, 3]","[2, 3]",[2],2,"[2, 3]",[2],2,2.3517
Q693,38,30,8,True,No,0,0,False,[],[1],[1],1,[1],[1],1,2.3876
Q694,39,31,8,True,No,0,0,False,[],[1],[1],1,[1],[1],1,2.3966
Q695,50,42,8,True,No,0,0,True,"[2, 3]","[2, 3]",[2],2,"[2, 3]",[2],2,2.237
Q696,71,63,8,True,No,1,0,False,[],[1],[1],1,[1],[1],1,2.4524
Q697,52,44,8,True,No,1,0,False,[],[1],[1],1,[1],[1],1,2.4495
Q698,50,42,8,True,No,0,0,True,[2],[2],[2],2,[2],[2],2,2.6918
Q699,57,49,8,True,No,1,0,True,[4],[4],[4],4,[4],[4],4,2.6968
Q7,43,35,8,True,No,1,0,False,[],[1],[1],1,[1],[1],1,2.5253
Q70,44,36,8,True,No,1,1,True,[4],[4],[4],4,[4],[4],4,2.7257
Q700,48,40,8,True,No,1,1,True,"[4, 2]","[4, 2]",[4],4,[4],[4],4,2.7856
Q701,48,40,8,True,No,1,0,True,"[4, 2]","[4, 2]",[4],4,[4],[4],4,2.6878
Q702,48,40,8,True,No,1,0,False,[],[1],[1],1,[1],[1],1,2.8205
Q703,48,40,8,True,No,1,0,False,[],[1],[1],1,[1],[1],1,2.64
Q704,48,40,8,True,No,1,0,True,[4],[4],[4],4,[4],[4],4,2.4624
Q705,70,62,8,True,No,1,0,True,[2],[2],[2],2,[2],[2],2,2.4754
Q706,69,61,8,True,No,0,0,True,"[2, 4, 3]","[2, 4, 3]",[2],2,"[4, 3]",[4],4,2.3108
Q707,71,63,8,True,No,2,1,True,"[4, 8, 12]","[4, 8, 12]",[4],4,"[12, 8]",[12],12,2.3547
Q708,72,64,8,True,No,0,2,True,"[2, 3, 4]","[2, 3, 4]",[2],2,"[4, 3]",[4],4,2.4714
Q709,70,62,8,True,No,2,1,True,"[4, 8, 12]","[4, 8, 12]",[4],4,"[12, 8]",[12],12,2.6509
Q71,44,36,8,True,No,1,0,False,[],[1],[1],1,[1],[1],1,2.1353
Q710,72,64,8,True,No,2,1,True,"[4, 8, 12]","[4, 8, 12]",[4],4,"[12, 8]",[12],12,2.3816
Q711,44,36,8,True,No,0,0,True,"[2, 3]","[2, 3]",[2],2,"[2, 3]",[2],2,2.231
Q712,70,62,8,True,No,2,1,True,"[4, 8]","[4, 8]",[4],4,[8],[8],8,2.4455
Q713,71,63,8,True,No,2,0,True,[4],[4],[4],4,[4],[4],4,2.2689
Q714,72,64,8,True,No,1,0,False,[],[1],[1],1,[1],[1],1,2.3367
Q715,70,62,8,True,No,1,1,True,"[4, 8, 12]","[4, 8, 12]",[4],4,"[12, 8]",[12],12,2.4854
Q716,61,53,8,True,No,1,0,True,[2],[2],[2],2,[2],[2],2,2.4225
Q717,37,29,8,True,No,0,0,False,[],[1],[1],1,[1],[1],1,2.3248
Q718,70,62,8,True,No,1,1,True,"[4, 8, 12]","[4, 8, 12]",[4],4,"[12, 8]",[12],12,2.3677
Q719,54,46,8,True,No,1,0,False,[],[1],[1],1,[1],[1],1,2.246
Q72,44,36,8,True,No,1,0,False,[],[1],[1],1,[1],[1],1,2.4285
Q720,52,44,8,True,No,1,1,True,"[4, 8]","[4, 8]",[4],4,[8],[8],8,2.2759
Q721,63,55,8,True,No,1,0,True,[4],[4],[4],4,[4],[4],4,2.262
Q722,63,55,8,True,No,1,0,True,[2],[2],[2],2,[2],[2],2,2.613
Q723,70,62,8,True,No,0,0,True,[4],[4],[4],4,[4],[4],4,2.5651
Q724,71,63,8,True,No,0,2,True,"[2, 3, 4]","[2, 3, 4]",[2],2,"[4, 3]",[4],4,2.4604
Q725,69,61,8,True,No,0,0,True,"[2, 3]","[2, 3]",[2],2,"[2, 3]",[2],2,2.3986
Q726,35,27,8,True,No,1,1,True,[4],[4],[4],4,[4],[4],4,2.2211
Q727,62,54,8,True,No,1,0,True,[2],[2],[2],2,[2],[2],2,2.232
Q728,69,61,8,True,No,1,0,False,[],[1],[1],1,[1],[1],1,2.3846
Q729,62,54,8,True,No,1,0,False,[],[1],[1],1,[1],[1],1,2.3607
Q73,44,36,8,True,No,1,0,True,[4],[4],[4],4,[4],[4],4,2.2709
Q730,43,35,8,True,No,1,1,True,[4],[4],[4],4,[4],[4],4,2.3617
Q731,51,43,8,True,No,1,0,False,[],[1],[1],1,[1],[1],1,2.2699
Q732,52,44,8,True,No,1,0,False,[],[1],[1],1,[1],[1],1,2.3906
Q733,52,44,8,True,No,2,0,False,[],[1],[1],1,[1],[1],1,2.6359
Q734,64,56,8,True,No,1,0,True,[2],[2],[2],2,[2],[2],2,2.5961
Q735,54,46,8,True,No,1,0,False,[],[1],[1],1,[1],[1],1,2.4883
Q736,60,52,8,True,No,0,0,True,"[2, 3]","[2, 3]",[2],2,"[2, 3]",[2],2,2.6459
Q737,56,48,8,True,No,1,0,False,[],[1],[1],1,[1],[1],1,2.4883
Q738,55,47,8,True,No,1,0,False,[],[1],[1],1,[1],[1],1,2.4973
Q739,44,36,8,True,No,1,1,True,[4],[4],[4],4,[4],[4],4,2.3806
Q74,44,36,8,True,No,1,1,True,"[4, 8]","[4, 8]",[4],4,[8],[8],8,2.5352
Q740,44,36,8,True,No,1,0,False,[],[1],[1],1,[1],[1],1,2.614
Q741,44,36,8,True,No,0,0,False,[],[1],[1],1,[1],[1],1,2.5133
Q742,44,36,8,True,No,2,1,True,"[4, 8]","[4, 8]",[4],4,[8],[8],8,2.5123
Q743,44,36,8,True,No,0,0,False,[],[1],[1],1,[1],[1],1,2.3238
Q744,44,36,8,True,No,0,0,False,[],[1],[1],1,[1],[1],1,2.3318
Q745,44,36,8,True,No,2,1,True,"[4, 8]","[4, 8]",[4],4,[8],[8],8,2.4046
Q746,44,36,8,True,No,1,1,True,[4],[4],[4],4,[4],[4],4,2.3427
Q747,44,36,8,True,No,1,2,True,"[2, 4]","[2, 4]",[2],2,[4],[4],4,2.4834
Q748,64,56,8,True,No,1,1,True,"[4, 8, 12]","[4, 8, 12]",[4],4,"[12, 8]",[12],12,2.4574
Q749,56,48,8,True,No,1,1,True,"[4, 8]","[4, 8]",[4],4,[8],[8],8,2.2669
Q75,44,36,8,True,No,1,0,False,[],[1],[1],1,[1],[1],1,2.5861
Q750,48,40,8,True,No,1,1,True,[4],[4],[4],4,[4],[4],4,2.4125
Q751,48,40,8,True,No,1,0,False,[],[1],[1],1,[1],[1],1,2.3218
Q752,48,40,8,True,No,1,0,False,[],[1],[1],1,[1],[1],1,2.2151
Q753,48,40,8,True,No,1,0,False,[],[1],[1],1,[1],[1],1,2.4744
Q754,48,40,8,True,No,1,1,True,[4],[4],[4],4,[4],[4],4,2.236
Q755,48,40,8,True,No,1,1,True,[4],[4],[4],4,[4],[4],4,2.256
Q756,48,40,8,True,No,1,1,True,[4],[4],[4],4,[4],[4],4,2.3567
Q76,46,38,8,True,No,1,0,False,[],[1],[1],1,[1],[1],1,2.231
Q77,46,38,8,True,No,1,1,True,[4],[4],[4],4,[4],[4],4,2.1383
Q78,45,37,8,True,No,1,1,True,[4],[4],[4],4,[4],[4],4,2.255
Q79,44,36,8,True,No,1,0,False,[],[1],[1],1,[1],[1],1,2.2979
Q8,43,35,8,True,No,0,0,True,"[2, 3]","[2, 3]",[2],2,"[2, 3]",[2],2,2.1233
Q80,44,36,8,True,No,1,0,False,[],[1],[1],1,[1],[1],1,2.3846
Q81,44,36,8,True,No,1,1,True,"[4, 8]","[4, 8]",[4],4,[8],[8],8,2.2959
Q82,44,36,8,True,No,1,2,True,"[4, 8]","[4, 8]",[4],4,[8],[8],8,2.2829
Q83,44,36,8,True,No,1,1,True,[4],[4],[4],4,[4],[4],4,2.3687
Q84,46,38,8,True,No,1,1,True,"[4, 2]","[4, 2]",[4],4,[4],[4],4,2.5282
Q85,43,35,8,True,No,1,1,True,[4],[4],[4],4,[4],[4],4,2.2949
Q86,44,36,8,True,No,0,0,False,[],[1],[1],1,[1],[1],1,2.5961
Q87,44,36,8,True,No,1,0,False,[],[1],[1],1,[1],[1],1,2.3278
Q88,44,36,8,True,No,2,0,False,[],[1],[1],1,[1],[1],1,2.4255
Q89,44,36,8,True,No,2,1,True,[4],[4],[4],4,[4],[4],4,2.4016
Q9,45,37,8,True,No,1,0,False,[],[1],[1],1,[1],[1],1,2.246
Q90,44,36,8,True,No,1,1,True,"[4, 8]","[4, 8]",[4],4,[8],[8],8,2.3587
Q91,44,36,8,True,No,2,0,True,[2],[2],[2],2,[2],[2],2,2.3248
Q92,44,36,8,True,No,1,0,False,[],[1],[1],1,[1],[1],1,2.1303
Q93,44,36,8,True,No,0,0,False,[],[1],[1],1,[1],[1],1,2.1303
Q94,44,36,8,True,No,1,1,True,"[2, 4]","[2, 4]",[2],2,[4],[4],4,2.2061
Q95,44,36,8,True,No,1,1,True,"[4, 8]","[4, 8]",[4],4,[8],[8],8,2.0625
Q96,44,36,8,True,No,1,0,True,"[4, 2]","[4, 2]",[4],4,[4],[4],4,2.1014
Q97,44,36,8,True,No,0,0,True,[2],[2],[2],2,[2],[2],2,1.9937
Q98,44,36,8,True,No,1,1,True,"[4, 8]","[4, 8]",[4],4,[8],[8],8,2.0585
Q99,44,36,8,True,No,1,2,True,"[4, 8]","[4, 8]",[4],4,[8],[8],8,2.0804
